# This file was produced by samtools stats (1.24+htslib-1.24) and can be plotted using plot-bamstats
# This file contains statistics for all reads.
# The command line was:  stats results/alignment/SRR25083113_dedup.bam
# CHK, Checksum	[2]Read Names	[3]Sequences	[4]Qualities
# CHK, CRC32 of reads which passed filtering followed by addition (32bit overflow)
CHK	39e41b52	eb756b9a	e09daa07
# Summary Numbers. Use `grep ^SN | cut -f 2-` to extract this part.
SN	raw total sequences:	2173711	# excluding supplementary and secondary reads
SN	filtered sequences:	0
SN	sequences:	2173711
SN	is sorted:	1	# sorted by coordinate
SN	1st fragments:	1086803
SN	last fragments:	1086908
SN	reads mapped:	1641585
SN	reads mapped and paired:	1638808	# paired-end technology bit set + both mates mapped
SN	reads unmapped:	532126
SN	reads properly paired:	1632976	# proper-pair bit set
SN	reads paired:	2173711	# paired-end technology bit set
SN	reads duplicated:	0	# PCR or optical duplicate bit set
SN	reads MQ0:	19530	# mapped and MQ=0
SN	reads QC failed:	0
SN	non-primary alignments:	12279
SN	supplementary alignments:	0
SN	total length:	502385484	# ignores clipping
SN	total first fragment length:	252050392	# ignores clipping
SN	total last fragment length:	250335092	# ignores clipping
SN	bases mapped:	381190552	# ignores clipping
SN	bases mapped (cigar):	371075415	# more accurate
SN	bases trimmed:	0
SN	bases duplicated:	0
SN	mismatches:	7406730	# from NM fields
SN	error rate:	1.996017e-02	# mismatches / bases mapped (cigar)
SN	average length:	231
SN	average first fragment length:	232
SN	average last fragment length:	230
SN	maximum length:	250
SN	maximum first fragment length:	250
SN	maximum last fragment length:	250
SN	average quality:	35.5
SN	insert size average:	270.7
SN	insert size standard deviation:	73.0
SN	inward oriented pairs:	816966
SN	outward oriented pairs:	2135
SN	pairs with other orientation:	303
SN	pairs on different chromosomes:	0
SN	percentage of properly paired reads (%):	75.1
# First Fragment Qualities. Use `grep ^FFQ | cut -f 2-` to extract this part.
# Columns correspond to qualities and rows to cycles. First column is the cycle number.
FFQ	1	0	0	0	0	0	0	0	0	0	0	0	16459	0	0	0	0	0	0	0	0	0	0	0	0	0	35403	0	0	0	0	0	0	0	0	0	0	0	1034941	0
FFQ	2	104	0	0	0	0	0	0	0	0	0	0	12616	0	0	0	0	0	0	0	0	0	0	0	0	0	31775	0	0	0	0	0	0	0	0	0	0	0	1042308	0
FFQ	3	0	0	0	0	0	0	0	0	0	0	0	15019	0	0	0	0	0	0	0	0	0	0	0	0	0	30613	0	0	0	0	0	0	0	0	0	0	0	1041171	0
FFQ	4	0	0	0	0	0	0	0	0	0	0	0	11574	0	0	0	0	0	0	0	0	0	0	0	0	0	32772	0	0	0	0	0	0	0	0	0	0	0	1042457	0
FFQ	5	3	0	0	0	0	0	0	0	0	0	0	9574	0	0	0	0	0	0	0	0	0	0	0	0	0	23782	0	0	0	0	0	0	0	0	0	0	0	1053444	0
FFQ	6	0	0	0	0	0	0	0	0	0	0	0	12684	0	0	0	0	0	0	0	0	0	0	0	0	0	30153	0	0	0	0	0	0	0	0	0	0	0	1043966	0
FFQ	7	1	0	0	0	0	0	0	0	0	0	0	10880	0	0	0	0	0	0	0	0	0	0	0	0	0	25178	0	0	0	0	0	0	0	0	0	0	0	1050744	0
FFQ	8	0	0	0	0	0	0	0	0	0	0	0	9340	0	0	0	0	0	0	0	0	0	0	0	0	0	27985	0	0	0	0	0	0	0	0	0	0	0	1049478	0
FFQ	9	0	0	0	0	0	0	0	0	0	0	0	14006	0	0	0	0	0	0	0	0	0	0	0	0	0	34835	0	0	0	0	0	0	0	0	0	0	0	1037962	0
FFQ	10	0	0	0	0	0	0	0	0	0	0	0	9104	0	0	0	0	0	0	0	0	0	0	0	0	0	27920	0	0	0	0	0	0	0	0	0	0	0	1049779	0
FFQ	11	0	0	0	0	0	0	0	0	0	0	0	7691	0	0	0	0	0	0	0	0	0	0	0	0	0	23130	0	0	0	0	0	0	0	0	0	0	0	1055982	0
FFQ	12	16	0	0	0	0	0	0	0	0	0	0	8795	0	0	0	0	0	0	0	0	0	0	0	0	0	26105	0	0	0	0	0	0	0	0	0	0	0	1051887	0
FFQ	13	0	0	0	0	0	0	0	0	0	0	0	9034	0	0	0	0	0	0	0	0	0	0	0	0	0	28306	0	0	0	0	0	0	0	0	0	0	0	1049463	0
FFQ	14	0	0	0	0	0	0	0	0	0	0	0	10085	0	0	0	0	0	0	0	0	0	0	0	0	0	28193	0	0	0	0	0	0	0	0	0	0	0	1048525	0
FFQ	15	0	0	0	0	0	0	0	0	0	0	0	7276	0	0	0	0	0	0	0	0	0	0	0	0	0	20991	0	0	0	0	0	0	0	0	0	0	0	1058536	0
FFQ	16	0	0	0	0	0	0	0	0	0	0	0	9369	0	0	0	0	0	0	0	0	0	0	0	0	0	27971	0	0	0	0	0	0	0	0	0	0	0	1049463	0
FFQ	17	0	0	0	0	0	0	0	0	0	0	0	8569	0	0	0	0	0	0	0	0	0	0	0	0	0	24553	0	0	0	0	0	0	0	0	0	0	0	1053681	0
FFQ	18	0	0	0	0	0	0	0	0	0	0	0	9815	0	0	0	0	0	0	0	0	0	0	0	0	0	29939	0	0	0	0	0	0	0	0	0	0	0	1047049	0
FFQ	19	0	0	0	0	0	0	0	0	0	0	0	8148	0	0	0	0	0	0	0	0	0	0	0	0	0	26217	0	0	0	0	0	0	0	0	0	0	0	1052438	0
FFQ	20	0	0	0	0	0	0	0	0	0	0	0	9397	0	0	0	0	0	0	0	0	0	0	0	0	0	29662	0	0	0	0	0	0	0	0	0	0	0	1047744	0
FFQ	21	0	0	0	0	0	0	0	0	0	0	0	7645	0	0	0	0	0	0	0	0	0	0	0	0	0	24646	0	0	0	0	0	0	0	0	0	0	0	1054512	0
FFQ	22	0	0	0	0	0	0	0	0	0	0	0	10562	0	0	0	0	0	0	0	0	0	0	0	0	0	32255	0	0	0	0	0	0	0	0	0	0	0	1043986	0
FFQ	23	0	0	0	0	0	0	0	0	0	0	0	8995	0	0	0	0	0	0	0	0	0	0	0	0	0	27813	0	0	0	0	0	0	0	0	0	0	0	1049995	0
FFQ	24	0	0	0	0	0	0	0	0	0	0	0	10141	0	0	0	0	0	0	0	0	0	0	0	0	0	30721	0	0	0	0	0	0	0	0	0	0	0	1045941	0
FFQ	25	0	0	0	0	0	0	0	0	0	0	0	9231	0	0	0	0	0	0	0	0	0	0	0	0	0	27453	0	0	0	0	0	0	0	0	0	0	0	1050119	0
FFQ	26	0	0	0	0	0	0	0	0	0	0	0	11242	0	0	0	0	0	0	0	0	0	0	0	0	0	32247	0	0	0	0	0	0	0	0	0	0	0	1043314	0
FFQ	27	0	0	0	0	0	0	0	0	0	0	0	10691	0	0	0	0	0	0	0	0	0	0	0	0	0	30774	0	0	0	0	0	0	0	0	0	0	0	1045338	0
FFQ	28	0	0	0	0	0	0	0	0	0	0	0	11400	0	0	0	0	0	0	0	0	0	0	0	0	0	32726	0	0	0	0	0	0	0	0	0	0	0	1042677	0
FFQ	29	0	0	0	0	0	0	0	0	0	0	0	11771	0	0	0	0	0	0	0	0	0	0	0	0	0	32915	0	0	0	0	0	0	0	0	0	0	0	1042117	0
FFQ	30	0	0	0	0	0	0	0	0	0	0	0	12098	0	0	0	0	0	0	0	0	0	0	0	0	0	32269	0	0	0	0	0	0	0	0	0	0	0	1042436	0
FFQ	31	0	0	0	0	0	0	0	0	0	0	0	8231	0	0	0	0	0	0	0	0	0	0	0	0	0	22792	0	0	0	0	0	0	0	0	0	0	0	1055780	0
FFQ	32	0	0	0	0	0	0	0	0	0	0	0	9567	0	0	0	0	0	0	0	0	0	0	0	0	0	27548	0	0	0	0	0	0	0	0	0	0	0	1049688	0
FFQ	33	0	0	0	0	0	0	0	0	0	0	0	15286	0	0	0	0	0	0	0	0	0	0	0	0	0	41258	0	0	0	0	0	0	0	0	0	0	0	1030259	0
FFQ	34	0	0	0	0	0	0	0	0	0	0	0	11765	0	0	0	0	0	0	0	0	0	0	0	0	0	34345	0	0	0	0	0	0	0	0	0	0	0	1040693	0
FFQ	35	0	0	0	0	0	0	0	0	0	0	0	9106	0	0	0	0	0	0	0	0	0	0	0	0	0	26565	0	0	0	0	0	0	0	0	0	0	0	1051132	0
FFQ	36	0	0	0	0	0	0	0	0	0	0	0	9393	0	0	0	0	0	0	0	0	0	0	0	0	0	25742	0	0	0	0	0	0	0	0	0	0	0	1051668	0
FFQ	37	0	0	0	0	0	0	0	0	0	0	0	12996	0	0	0	0	0	0	0	0	0	0	0	0	0	34055	0	0	0	0	0	0	0	0	0	0	0	1039693	0
FFQ	38	0	0	0	0	0	0	0	0	0	0	0	11628	0	0	0	0	0	0	0	0	0	0	0	0	0	31949	0	0	0	0	0	0	0	0	0	0	0	1043099	0
FFQ	39	0	0	0	0	0	0	0	0	0	0	0	12828	0	0	0	0	0	0	0	0	0	0	0	0	0	35216	0	0	0	0	0	0	0	0	0	0	0	1038558	0
FFQ	40	0	0	0	0	0	0	0	0	0	0	0	13724	0	0	0	0	0	0	0	0	0	0	0	0	0	37677	0	0	0	0	0	0	0	0	0	0	0	1035097	0
FFQ	41	0	0	0	0	0	0	0	0	0	0	0	14030	0	0	0	0	0	0	0	0	0	0	0	0	0	38885	0	0	0	0	0	0	0	0	0	0	0	1033517	0
FFQ	42	0	0	0	0	0	0	0	0	0	0	0	13978	0	0	0	0	0	0	0	0	0	0	0	0	0	37676	0	0	0	0	0	0	0	0	0	0	0	1034696	0
FFQ	43	0	0	0	0	0	0	0	0	0	0	0	11456	0	0	0	0	0	0	0	0	0	0	0	0	0	32095	0	0	0	0	0	0	0	0	0	0	0	1042712	0
FFQ	44	2	0	0	0	0	0	0	0	0	0	0	18522	0	0	0	0	0	0	0	0	0	0	0	0	0	45924	0	0	0	0	0	0	0	0	0	0	0	1021716	0
FFQ	45	0	0	0	0	0	0	0	0	0	0	0	13847	0	0	0	0	0	0	0	0	0	0	0	0	0	37778	0	0	0	0	0	0	0	0	0	0	0	1034431	0
FFQ	46	0	0	0	0	0	0	0	0	0	0	0	15093	0	0	0	0	0	0	0	0	0	0	0	0	0	38939	0	0	0	0	0	0	0	0	0	0	0	1031910	0
FFQ	47	0	0	0	0	0	0	0	0	0	0	0	15433	0	0	0	0	0	0	0	0	0	0	0	0	0	38680	0	0	0	0	0	0	0	0	0	0	0	1031726	0
FFQ	48	0	0	0	0	0	0	0	0	0	0	0	12390	0	0	0	0	0	0	0	0	0	0	0	0	0	32725	0	0	0	0	0	0	0	0	0	0	0	1040629	0
FFQ	49	1	0	0	0	0	0	0	0	0	0	0	17727	0	0	0	0	0	0	0	0	0	0	0	0	0	42277	0	0	0	0	0	0	0	0	0	0	0	1025643	0
FFQ	50	0	0	0	0	0	0	0	0	0	0	0	13729	0	0	0	0	0	0	0	0	0	0	0	0	0	36855	0	0	0	0	0	0	0	0	0	0	0	1034944	0
FFQ	51	0	0	0	0	0	0	0	0	0	0	0	10837	0	0	0	0	0	0	0	0	0	0	0	0	0	29867	0	0	0	0	0	0	0	0	0	0	0	1044382	0
FFQ	52	97	0	0	0	0	0	0	0	0	0	0	16747	0	0	0	0	0	0	0	0	0	0	0	0	0	41542	0	0	0	0	0	0	0	0	0	0	0	1026482	0
FFQ	53	0	0	0	0	0	0	0	0	0	0	0	15350	0	0	0	0	0	0	0	0	0	0	0	0	0	38660	0	0	0	0	0	0	0	0	0	0	0	1030456	0
FFQ	54	0	0	0	0	0	0	0	0	0	0	0	14091	0	0	0	0	0	0	0	0	0	0	0	0	0	36738	0	0	0	0	0	0	0	0	0	0	0	1033437	0
FFQ	55	16	0	0	0	0	0	0	0	0	0	0	11490	0	0	0	0	0	0	0	0	0	0	0	0	0	29796	0	0	0	0	0	0	0	0	0	0	0	1042641	0
FFQ	56	0	0	0	0	0	0	0	0	0	0	0	10707	0	0	0	0	0	0	0	0	0	0	0	0	0	28422	0	0	0	0	0	0	0	0	0	0	0	1044652	0
FFQ	57	0	0	0	0	0	0	0	0	0	0	0	17898	0	0	0	0	0	0	0	0	0	0	0	0	0	43731	0	0	0	0	0	0	0	0	0	0	0	1021728	0
FFQ	58	2	0	0	0	0	0	0	0	0	0	0	17152	0	0	0	0	0	0	0	0	0	0	0	0	0	43061	0	0	0	0	0	0	0	0	0	0	0	1022990	0
FFQ	59	0	0	0	0	0	0	0	0	0	0	0	10898	0	0	0	0	0	0	0	0	0	0	0	0	0	29523	0	0	0	0	0	0	0	0	0	0	0	1042393	0
FFQ	60	0	0	0	0	0	0	0	0	0	0	0	18872	0	0	0	0	0	0	0	0	0	0	0	0	0	46260	0	0	0	0	0	0	0	0	0	0	0	1017526	0
FFQ	61	0	0	0	0	0	0	0	0	0	0	0	12315	0	0	0	0	0	0	0	0	0	0	0	0	0	31441	0	0	0	0	0	0	0	0	0	0	0	1038581	0
FFQ	62	0	0	0	0	0	0	0	0	0	0	0	16752	0	0	0	0	0	0	0	0	0	0	0	0	0	42194	0	0	0	0	0	0	0	0	0	0	0	1023221	0
FFQ	63	0	0	0	0	0	0	0	0	0	0	0	17676	0	0	0	0	0	0	0	0	0	0	0	0	0	44102	0	0	0	0	0	0	0	0	0	0	0	1020166	0
FFQ	64	0	0	0	0	0	0	0	0	0	0	0	13198	0	0	0	0	0	0	0	0	0	0	0	0	0	34589	0	0	0	0	0	0	0	0	0	0	0	1034010	0
FFQ	65	0	0	0	0	0	0	0	0	0	0	0	16124	0	0	0	0	0	0	0	0	0	0	0	0	0	41026	0	0	0	0	0	0	0	0	0	0	0	1024410	0
FFQ	66	0	0	0	0	0	0	0	0	0	0	0	13012	0	0	0	0	0	0	0	0	0	0	0	0	0	34056	0	0	0	0	0	0	0	0	0	0	0	1034347	0
FFQ	67	2	0	0	0	0	0	0	0	0	0	0	11726	0	0	0	0	0	0	0	0	0	0	0	0	0	30003	0	0	0	0	0	0	0	0	0	0	0	1039434	0
FFQ	68	0	0	0	0	0	0	0	0	0	0	0	16392	0	0	0	0	0	0	0	0	0	0	0	0	0	39166	0	0	0	0	0	0	0	0	0	0	0	1025471	0
FFQ	69	0	0	0	0	0	0	0	0	0	0	0	13925	0	0	0	0	0	0	0	0	0	0	0	0	0	35923	0	0	0	0	0	0	0	0	0	0	0	1030921	0
FFQ	70	0	0	0	0	0	0	0	0	0	0	0	18946	0	0	0	0	0	0	0	0	0	0	0	0	0	44066	0	0	0	0	0	0	0	0	0	0	0	1017613	0
FFQ	71	0	0	0	0	0	0	0	0	0	0	0	12767	0	0	0	0	0	0	0	0	0	0	0	0	0	33052	0	0	0	0	0	0	0	0	0	0	0	1034582	0
FFQ	72	0	0	0	0	0	0	0	0	0	0	0	20170	0	0	0	0	0	0	0	0	0	0	0	0	0	47294	0	0	0	0	0	0	0	0	0	0	0	1012752	0
FFQ	73	0	0	0	0	0	0	0	0	0	0	0	16478	0	0	0	0	0	0	0	0	0	0	0	0	0	41695	0	0	0	0	0	0	0	0	0	0	0	1021808	0
FFQ	74	0	0	0	0	0	0	0	0	0	0	0	15505	0	0	0	0	0	0	0	0	0	0	0	0	0	39696	0	0	0	0	0	0	0	0	0	0	0	1024629	0
FFQ	75	0	0	0	0	0	0	0	0	0	0	0	21429	0	0	0	0	0	0	0	0	0	0	0	0	0	47708	0	0	0	0	0	0	0	0	0	0	0	1010443	0
FFQ	76	0	0	0	0	0	0	0	0	0	0	0	14690	0	0	0	0	0	0	0	0	0	0	0	0	0	36991	0	0	0	0	0	0	0	0	0	0	0	1027757	0
FFQ	77	0	0	0	0	0	0	0	0	0	0	0	13859	0	0	0	0	0	0	0	0	0	0	0	0	0	36654	0	0	0	0	0	0	0	0	0	0	0	1028680	0
FFQ	78	0	0	0	0	0	0	0	0	0	0	0	16599	0	0	0	0	0	0	0	0	0	0	0	0	0	42002	0	0	0	0	0	0	0	0	0	0	0	1020449	0
FFQ	79	0	0	0	0	0	0	0	0	0	0	0	13875	0	0	0	0	0	0	0	0	0	0	0	0	0	35069	0	0	0	0	0	0	0	0	0	0	0	1029857	0
FFQ	80	0	0	0	0	0	0	0	0	0	0	0	20183	0	0	0	0	0	0	0	0	0	0	0	0	0	45525	0	0	0	0	0	0	0	0	0	0	0	1012962	0
FFQ	81	0	0	0	0	0	0	0	0	0	0	0	17068	0	0	0	0	0	0	0	0	0	0	0	0	0	41765	0	0	0	0	0	0	0	0	0	0	0	1019595	0
FFQ	82	0	0	0	0	0	0	0	0	0	0	0	18856	0	0	0	0	0	0	0	0	0	0	0	0	0	47031	0	0	0	0	0	0	0	0	0	0	0	1012417	0
FFQ	83	0	0	0	0	0	0	0	0	0	0	0	14236	0	0	0	0	0	0	0	0	0	0	0	0	0	37240	0	0	0	0	0	0	0	0	0	0	0	1026661	0
FFQ	84	0	0	0	0	0	0	0	0	0	0	0	18343	0	0	0	0	0	0	0	0	0	0	0	0	0	42762	0	0	0	0	0	0	0	0	0	0	0	1016893	0
FFQ	85	0	0	0	0	0	0	0	0	0	0	0	15438	0	0	0	0	0	0	0	0	0	0	0	0	0	39384	0	0	0	0	0	0	0	0	0	0	0	1023016	0
FFQ	86	0	0	0	0	0	0	0	0	0	0	0	13978	0	0	0	0	0	0	0	0	0	0	0	0	0	36976	0	0	0	0	0	0	0	0	0	0	0	1026741	0
FFQ	87	0	0	0	0	0	0	0	0	0	0	0	15538	0	0	0	0	0	0	0	0	0	0	0	0	0	38594	0	0	0	0	0	0	0	0	0	0	0	1023370	0
FFQ	88	0	0	0	0	0	0	0	0	0	0	0	16711	0	0	0	0	0	0	0	0	0	0	0	0	0	40536	0	0	0	0	0	0	0	0	0	0	0	1020130	0
FFQ	89	0	0	0	0	0	0	0	0	0	0	0	16048	0	0	0	0	0	0	0	0	0	0	0	0	0	39532	0	0	0	0	0	0	0	0	0	0	0	1021602	0
FFQ	90	0	0	0	0	0	0	0	0	0	0	0	15513	0	0	0	0	0	0	0	0	0	0	0	0	0	38049	0	0	0	0	0	0	0	0	0	0	0	1023501	0
FFQ	91	0	0	0	0	0	0	0	0	0	0	0	15712	0	0	0	0	0	0	0	0	0	0	0	0	0	39173	0	0	0	0	0	0	0	0	0	0	0	1021994	0
FFQ	92	0	0	0	0	0	0	0	0	0	0	0	16255	0	0	0	0	0	0	0	0	0	0	0	0	0	41069	0	0	0	0	0	0	0	0	0	0	0	1019414	0
FFQ	93	0	0	0	0	0	0	0	0	0	0	0	16300	0	0	0	0	0	0	0	0	0	0	0	0	0	40445	0	0	0	0	0	0	0	0	0	0	0	1019817	0
FFQ	94	0	0	0	0	0	0	0	0	0	0	0	16441	0	0	0	0	0	0	0	0	0	0	0	0	0	41032	0	0	0	0	0	0	0	0	0	0	0	1018944	0
FFQ	95	0	0	0	0	0	0	0	0	0	0	0	27949	0	0	0	0	0	0	0	0	0	0	0	0	0	67995	0	0	0	0	0	0	0	0	0	0	0	980258	0
FFQ	96	0	0	0	0	0	0	0	0	0	0	0	17178	0	0	0	0	0	0	0	0	0	0	0	0	0	44380	0	0	0	0	0	0	0	0	0	0	0	1014494	0
FFQ	97	0	0	0	0	0	0	0	0	0	0	0	16342	0	0	0	0	0	0	0	0	0	0	0	0	0	38724	0	0	0	0	0	0	0	0	0	0	0	1020780	0
FFQ	98	0	0	0	0	0	0	0	0	0	0	0	17171	0	0	0	0	0	0	0	0	0	0	0	0	0	45014	0	0	0	0	0	0	0	0	0	0	0	1013499	0
FFQ	99	0	0	0	0	0	0	0	0	0	0	0	21153	0	0	0	0	0	0	0	0	0	0	0	0	0	46511	0	0	0	0	0	0	0	0	0	0	0	1007826	0
FFQ	100	0	0	0	0	0	0	0	0	0	0	0	19832	0	0	0	0	0	0	0	0	0	0	0	0	0	48804	0	0	0	0	0	0	0	0	0	0	0	1006728	0
FFQ	101	0	0	0	0	0	0	0	0	0	0	0	19165	0	0	0	0	0	0	0	0	0	0	0	0	0	48463	0	0	0	0	0	0	0	0	0	0	0	1007547	0
FFQ	102	0	0	0	0	0	0	0	0	0	0	0	17136	0	0	0	0	0	0	0	0	0	0	0	0	0	43835	0	0	0	0	0	0	0	0	0	0	0	1014070	0
FFQ	103	3	0	0	0	0	0	0	0	0	0	0	15797	0	0	0	0	0	0	0	0	0	0	0	0	0	40031	0	0	0	0	0	0	0	0	0	0	0	1019059	0
FFQ	104	0	0	0	0	0	0	0	0	0	0	0	15933	0	0	0	0	0	0	0	0	0	0	0	0	0	43575	0	0	0	0	0	0	0	0	0	0	0	1015253	0
FFQ	105	0	0	0	0	0	0	0	0	0	0	0	21748	0	0	0	0	0	0	0	0	0	0	0	0	0	51606	0	0	0	0	0	0	0	0	0	0	0	1001220	0
FFQ	106	0	0	0	0	0	0	0	0	0	0	0	20504	0	0	0	0	0	0	0	0	0	0	0	0	0	51719	0	0	0	0	0	0	0	0	0	0	0	1002180	0
FFQ	107	0	0	0	0	0	0	0	0	0	0	0	23989	0	0	0	0	0	0	0	0	0	0	0	0	0	56114	0	0	0	0	0	0	0	0	0	0	0	994092	0
FFQ	108	0	0	0	0	0	0	0	0	0	0	0	22022	0	0	0	0	0	0	0	0	0	0	0	0	0	51771	0	0	0	0	0	0	0	0	0	0	0	1000222	0
FFQ	109	0	0	0	0	0	0	0	0	0	0	0	23940	0	0	0	0	0	0	0	0	0	0	0	0	0	59305	0	0	0	0	0	0	0	0	0	0	0	990523	0
FFQ	110	0	0	0	0	0	0	0	0	0	0	0	24633	0	0	0	0	0	0	0	0	0	0	0	0	0	56967	0	0	0	0	0	0	0	0	0	0	0	991984	0
FFQ	111	0	0	0	0	0	0	0	0	0	0	0	18583	0	0	0	0	0	0	0	0	0	0	0	0	0	46006	0	0	0	0	0	0	0	0	0	0	0	1008734	0
FFQ	112	0	0	0	0	0	0	0	0	0	0	0	20889	0	0	0	0	0	0	0	0	0	0	0	0	0	52136	0	0	0	0	0	0	0	0	0	0	0	1000049	0
FFQ	113	0	0	0	0	0	0	0	0	0	0	0	29610	0	0	0	0	0	0	0	0	0	0	0	0	0	62554	0	0	0	0	0	0	0	0	0	0	0	980688	0
FFQ	114	0	0	0	0	0	0	0	0	0	0	0	23372	0	0	0	0	0	0	0	0	0	0	0	0	0	53439	0	0	0	0	0	0	0	0	0	0	0	995825	0
FFQ	115	0	0	0	0	0	0	0	0	0	0	0	21291	0	0	0	0	0	0	0	0	0	0	0	0	0	48583	0	0	0	0	0	0	0	0	0	0	0	1002522	0
FFQ	116	0	0	0	0	0	0	0	0	0	0	0	25982	0	0	0	0	0	0	0	0	0	0	0	0	0	56610	0	0	0	0	0	0	0	0	0	0	0	989602	0
FFQ	117	0	0	0	0	0	0	0	0	0	0	0	21782	0	0	0	0	0	0	0	0	0	0	0	0	0	50697	0	0	0	0	0	0	0	0	0	0	0	999481	0
FFQ	118	0	0	0	0	0	0	0	0	0	0	0	21594	0	0	0	0	0	0	0	0	0	0	0	0	0	50532	0	0	0	0	0	0	0	0	0	0	0	999580	0
FFQ	119	0	0	0	0	0	0	0	0	0	0	0	23272	0	0	0	0	0	0	0	0	0	0	0	0	0	51316	0	0	0	0	0	0	0	0	0	0	0	996821	0
FFQ	120	0	0	0	0	0	0	0	0	0	0	0	43338	0	0	0	0	0	0	0	0	0	0	0	0	0	73999	0	0	0	0	0	0	0	0	0	0	0	953799	0
FFQ	121	13	0	0	0	0	0	0	0	0	0	0	52592	0	0	0	0	0	0	0	0	0	0	0	0	0	88717	0	0	0	0	0	0	0	0	0	0	0	929525	0
FFQ	122	0	0	0	0	0	0	0	0	0	0	0	26107	0	0	0	0	0	0	0	0	0	0	0	0	0	73528	0	0	0	0	0	0	0	0	0	0	0	970960	0
FFQ	123	0	0	0	0	0	0	0	0	0	0	0	22194	0	0	0	0	0	0	0	0	0	0	0	0	0	57455	0	0	0	0	0	0	0	0	0	0	0	990680	0
FFQ	124	0	0	0	0	0	0	0	0	0	0	0	20385	0	0	0	0	0	0	0	0	0	0	0	0	0	50849	0	0	0	0	0	0	0	0	0	0	0	998844	0
FFQ	125	0	0	0	0	0	0	0	0	0	0	0	17509	0	0	0	0	0	0	0	0	0	0	0	0	0	44726	0	0	0	0	0	0	0	0	0	0	0	1007600	0
FFQ	126	0	0	0	0	0	0	0	0	0	0	0	17252	0	0	0	0	0	0	0	0	0	0	0	0	0	43946	0	0	0	0	0	0	0	0	0	0	0	1008406	0
FFQ	127	0	0	0	0	0	0	0	0	0	0	0	19283	0	0	0	0	0	0	0	0	0	0	0	0	0	45386	0	0	0	0	0	0	0	0	0	0	0	1004655	0
FFQ	128	0	0	0	0	0	0	0	0	0	0	0	18343	0	0	0	0	0	0	0	0	0	0	0	0	0	43585	0	0	0	0	0	0	0	0	0	0	0	1007117	0
FFQ	129	0	0	0	0	0	0	0	0	0	0	0	19738	0	0	0	0	0	0	0	0	0	0	0	0	0	46069	0	0	0	0	0	0	0	0	0	0	0	1002960	0
FFQ	130	0	0	0	0	0	0	0	0	0	0	0	20337	0	0	0	0	0	0	0	0	0	0	0	0	0	46824	0	0	0	0	0	0	0	0	0	0	0	1001322	0
FFQ	131	0	0	0	0	0	0	0	0	0	0	0	18749	0	0	0	0	0	0	0	0	0	0	0	0	0	43914	0	0	0	0	0	0	0	0	0	0	0	1005524	0
FFQ	132	2	0	0	0	0	0	0	0	0	0	0	19256	0	0	0	0	0	0	0	0	0	0	0	0	0	44910	0	0	0	0	0	0	0	0	0	0	0	1003689	0
FFQ	133	0	0	0	0	0	0	0	0	0	0	0	19372	0	0	0	0	0	0	0	0	0	0	0	0	0	45264	0	0	0	0	0	0	0	0	0	0	0	1002889	0
FFQ	134	0	0	0	0	0	0	0	0	0	0	0	19682	0	0	0	0	0	0	0	0	0	0	0	0	0	45558	0	0	0	0	0	0	0	0	0	0	0	1001954	0
FFQ	135	0	0	0	0	0	0	0	0	0	0	0	19809	0	0	0	0	0	0	0	0	0	0	0	0	0	46113	0	0	0	0	0	0	0	0	0	0	0	1000907	0
FFQ	136	0	0	0	0	0	0	0	0	0	0	0	20392	0	0	0	0	0	0	0	0	0	0	0	0	0	47258	0	0	0	0	0	0	0	0	0	0	0	998808	0
FFQ	137	0	0	0	0	0	0	0	0	0	0	0	18679	0	0	0	0	0	0	0	0	0	0	0	0	0	45042	0	0	0	0	0	0	0	0	0	0	0	1002298	0
FFQ	138	0	0	0	0	0	0	0	0	0	0	0	20334	0	0	0	0	0	0	0	0	0	0	0	0	0	47148	0	0	0	0	0	0	0	0	0	0	0	998098	0
FFQ	139	0	0	0	0	0	0	0	0	0	0	0	22751	0	0	0	0	0	0	0	0	0	0	0	0	0	49961	0	0	0	0	0	0	0	0	0	0	0	992457	0
FFQ	140	0	0	0	0	0	0	0	0	0	0	0	20359	0	0	0	0	0	0	0	0	0	0	0	0	0	48248	0	0	0	0	0	0	0	0	0	0	0	996087	0
FFQ	141	0	0	0	0	0	0	0	0	0	0	0	21623	0	0	0	0	0	0	0	0	0	0	0	0	0	48610	0	0	0	0	0	0	0	0	0	0	0	993988	0
FFQ	142	0	0	0	0	0	0	0	0	0	0	0	21880	0	0	0	0	0	0	0	0	0	0	0	0	0	49662	0	0	0	0	0	0	0	0	0	0	0	992180	0
FFQ	143	0	0	0	0	0	0	0	0	0	0	0	21934	0	0	0	0	0	0	0	0	0	0	0	0	0	48795	0	0	0	0	0	0	0	0	0	0	0	992484	0
FFQ	144	0	0	0	0	0	0	0	0	0	0	0	22613	0	0	0	0	0	0	0	0	0	0	0	0	0	50414	0	0	0	0	0	0	0	0	0	0	0	989576	0
FFQ	145	0	0	0	0	0	0	0	0	0	0	0	24273	0	0	0	0	0	0	0	0	0	0	0	0	0	52097	0	0	0	0	0	0	0	0	0	0	0	985654	0
FFQ	146	0	0	0	0	0	0	0	0	0	0	0	21763	0	0	0	0	0	0	0	0	0	0	0	0	0	49851	0	0	0	0	0	0	0	0	0	0	0	989786	0
FFQ	147	3	0	0	0	0	0	0	0	0	0	0	22742	0	0	0	0	0	0	0	0	0	0	0	0	0	51701	0	0	0	0	0	0	0	0	0	0	0	986329	0
FFQ	148	0	0	0	0	0	0	0	0	0	0	0	23621	0	0	0	0	0	0	0	0	0	0	0	0	0	52272	0	0	0	0	0	0	0	0	0	0	0	984155	0
FFQ	149	0	0	0	0	0	0	0	0	0	0	0	24483	0	0	0	0	0	0	0	0	0	0	0	0	0	53274	0	0	0	0	0	0	0	0	0	0	0	981601	0
FFQ	150	2	0	0	0	0	0	0	0	0	0	0	25835	0	0	0	0	0	0	0	0	0	0	0	0	0	55511	0	0	0	0	0	0	0	0	0	0	0	977297	0
FFQ	151	0	0	0	0	0	0	0	0	0	0	0	24074	0	0	0	0	0	0	0	0	0	0	0	0	0	53403	0	0	0	0	0	0	0	0	0	0	0	980433	0
FFQ	152	0	0	0	0	0	0	0	0	0	0	0	23861	0	0	0	0	0	0	0	0	0	0	0	0	0	53178	0	0	0	0	0	0	0	0	0	0	0	980039	0
FFQ	153	0	0	0	0	0	0	0	0	0	0	0	24101	0	0	0	0	0	0	0	0	0	0	0	0	0	53553	0	0	0	0	0	0	0	0	0	0	0	978607	0
FFQ	154	0	0	0	0	0	0	0	0	0	0	0	26518	0	0	0	0	0	0	0	0	0	0	0	0	0	56654	0	0	0	0	0	0	0	0	0	0	0	972192	0
FFQ	155	0	0	0	0	0	0	0	0	0	0	0	26537	0	0	0	0	0	0	0	0	0	0	0	0	0	57284	0	0	0	0	0	0	0	0	0	0	0	970661	0
FFQ	156	0	0	0	0	0	0	0	0	0	0	0	24309	0	0	0	0	0	0	0	0	0	0	0	0	0	54062	0	0	0	0	0	0	0	0	0	0	0	975182	0
FFQ	157	0	0	0	0	0	0	0	0	0	0	0	25724	0	0	0	0	0	0	0	0	0	0	0	0	0	55536	0	0	0	0	0	0	0	0	0	0	0	971277	0
FFQ	158	0	0	0	0	0	0	0	0	0	0	0	28794	0	0	0	0	0	0	0	0	0	0	0	0	0	59140	0	0	0	0	0	0	0	0	0	0	0	963583	0
FFQ	159	0	0	0	0	0	0	0	0	0	0	0	27791	0	0	0	0	0	0	0	0	0	0	0	0	0	58528	0	0	0	0	0	0	0	0	0	0	0	964055	0
FFQ	160	0	0	0	0	0	0	0	0	0	0	0	25679	0	0	0	0	0	0	0	0	0	0	0	0	0	56429	0	0	0	0	0	0	0	0	0	0	0	967184	0
FFQ	161	0	0	0	0	0	0	0	0	0	0	0	25211	0	0	0	0	0	0	0	0	0	0	0	0	0	54985	0	0	0	0	0	0	0	0	0	0	0	968019	0
FFQ	162	0	0	0	0	0	0	0	0	0	0	0	25196	0	0	0	0	0	0	0	0	0	0	0	0	0	55764	0	0	0	0	0	0	0	0	0	0	0	966035	0
FFQ	163	0	0	0	0	0	0	0	0	0	0	0	27066	0	0	0	0	0	0	0	0	0	0	0	0	0	58478	0	0	0	0	0	0	0	0	0	0	0	960148	0
FFQ	164	0	0	0	0	0	0	0	0	0	0	0	31576	0	0	0	0	0	0	0	0	0	0	0	0	0	64354	0	0	0	0	0	0	0	0	0	0	0	948389	0
FFQ	165	0	0	0	0	0	0	0	0	0	0	0	30622	0	0	0	0	0	0	0	0	0	0	0	0	0	62791	0	0	0	0	0	0	0	0	0	0	0	949523	0
FFQ	166	0	0	0	0	0	0	0	0	0	0	0	29816	0	0	0	0	0	0	0	0	0	0	0	0	0	61679	0	0	0	0	0	0	0	0	0	0	0	950022	0
FFQ	167	0	0	0	0	0	0	0	0	0	0	0	31949	0	0	0	0	0	0	0	0	0	0	0	0	0	65395	0	0	0	0	0	0	0	0	0	0	0	942622	0
FFQ	168	0	0	0	0	0	0	0	0	0	0	0	27968	0	0	0	0	0	0	0	0	0	0	0	0	0	59661	0	0	0	0	0	0	0	0	0	0	0	950788	0
FFQ	169	0	0	0	0	0	0	0	0	0	0	0	28646	0	0	0	0	0	0	0	0	0	0	0	0	0	61947	0	0	0	0	0	0	0	0	0	0	0	946104	0
FFQ	170	0	0	0	0	0	0	0	0	0	0	0	33053	0	0	0	0	0	0	0	0	0	0	0	0	0	68137	0	0	0	0	0	0	0	0	0	0	0	933749	0
FFQ	171	0	0	0	0	0	0	0	0	0	0	0	33691	0	0	0	0	0	0	0	0	0	0	0	0	0	67275	0	0	0	0	0	0	0	0	0	0	0	932133	0
FFQ	172	0	0	0	0	0	0	0	0	0	0	0	29584	0	0	0	0	0	0	0	0	0	0	0	0	0	61296	0	0	0	0	0	0	0	0	0	0	0	940379	0
FFQ	173	0	0	0	0	0	0	0	0	0	0	0	28990	0	0	0	0	0	0	0	0	0	0	0	0	0	61773	0	0	0	0	0	0	0	0	0	0	0	938612	0
FFQ	174	0	0	0	0	0	0	0	0	0	0	0	32746	0	0	0	0	0	0	0	0	0	0	0	0	0	66359	0	0	0	0	0	0	0	0	0	0	0	928315	0
FFQ	175	0	0	0	0	0	0	0	0	0	0	0	29745	0	0	0	0	0	0	0	0	0	0	0	0	0	63446	0	0	0	0	0	0	0	0	0	0	0	932189	0
FFQ	176	0	0	0	0	0	0	0	0	0	0	0	31864	0	0	0	0	0	0	0	0	0	0	0	0	0	65511	0	0	0	0	0	0	0	0	0	0	0	925915	0
FFQ	177	0	0	0	0	0	0	0	0	0	0	0	34897	0	0	0	0	0	0	0	0	0	0	0	0	0	69715	0	0	0	0	0	0	0	0	0	0	0	916426	0
FFQ	178	0	0	0	0	0	0	0	0	0	0	0	34591	0	0	0	0	0	0	0	0	0	0	0	0	0	68716	0	0	0	0	0	0	0	0	0	0	0	915382	0
FFQ	179	0	0	0	0	0	0	0	0	0	0	0	36530	0	0	0	0	0	0	0	0	0	0	0	0	0	70903	0	0	0	0	0	0	0	0	0	0	0	908826	0
FFQ	180	0	0	0	0	0	0	0	0	0	0	0	42308	0	0	0	0	0	0	0	0	0	0	0	0	0	77131	0	0	0	0	0	0	0	0	0	0	0	894214	0
FFQ	181	0	0	0	0	0	0	0	0	0	0	0	41925	0	0	0	0	0	0	0	0	0	0	0	0	0	75566	0	0	0	0	0	0	0	0	0	0	0	893626	0
FFQ	182	0	0	0	0	0	0	0	0	0	0	0	37662	0	0	0	0	0	0	0	0	0	0	0	0	0	70239	0	0	0	0	0	0	0	0	0	0	0	900486	0
FFQ	183	0	0	0	0	0	0	0	0	0	0	0	34619	0	0	0	0	0	0	0	0	0	0	0	0	0	68948	0	0	0	0	0	0	0	0	0	0	0	902068	0
FFQ	184	0	0	0	0	0	0	0	0	0	0	0	34282	0	0	0	0	0	0	0	0	0	0	0	0	0	70060	0	0	0	0	0	0	0	0	0	0	0	898387	0
FFQ	185	0	0	0	0	0	0	0	0	0	0	0	37384	0	0	0	0	0	0	0	0	0	0	0	0	0	74057	0	0	0	0	0	0	0	0	0	0	0	888158	0
FFQ	186	0	0	0	0	0	0	0	0	0	0	0	42107	0	0	0	0	0	0	0	0	0	0	0	0	0	79271	0	0	0	0	0	0	0	0	0	0	0	875200	0
FFQ	187	0	0	0	0	0	0	0	0	0	0	0	39263	0	0	0	0	0	0	0	0	0	0	0	0	0	74702	0	0	0	0	0	0	0	0	0	0	0	879431	0
FFQ	188	0	0	0	0	0	0	0	0	0	0	0	35307	0	0	0	0	0	0	0	0	0	0	0	0	0	72327	0	0	0	0	0	0	0	0	0	0	0	882501	0
FFQ	189	0	0	0	0	0	0	0	0	0	0	0	41464	0	0	0	0	0	0	0	0	0	0	0	0	0	78438	0	0	0	0	0	0	0	0	0	0	0	866860	0
FFQ	190	0	0	0	0	0	0	0	0	0	0	0	35000	0	0	0	0	0	0	0	0	0	0	0	0	0	71091	0	0	0	0	0	0	0	0	0	0	0	877217	0
FFQ	191	0	0	0	0	0	0	0	0	0	0	0	37134	0	0	0	0	0	0	0	0	0	0	0	0	0	74259	0	0	0	0	0	0	0	0	0	0	0	868451	0
FFQ	192	0	0	0	0	0	0	0	0	0	0	0	39534	0	0	0	0	0	0	0	0	0	0	0	0	0	76783	0	0	0	0	0	0	0	0	0	0	0	859904	0
FFQ	193	0	0	0	0	0	0	0	0	0	0	0	41441	0	0	0	0	0	0	0	0	0	0	0	0	0	79692	0	0	0	0	0	0	0	0	0	0	0	851310	0
FFQ	194	0	0	0	0	0	0	0	0	0	0	0	48505	0	0	0	0	0	0	0	0	0	0	0	0	0	85212	0	0	0	0	0	0	0	0	0	0	0	834755	0
FFQ	195	0	0	0	0	0	0	0	0	0	0	0	42573	0	0	0	0	0	0	0	0	0	0	0	0	0	77985	0	0	0	0	0	0	0	0	0	0	0	843867	0
FFQ	196	0	0	0	0	0	0	0	0	0	0	0	38057	0	0	0	0	0	0	0	0	0	0	0	0	0	74719	0	0	0	0	0	0	0	0	0	0	0	847507	0
FFQ	197	0	0	0	0	0	0	0	0	0	0	0	40101	0	0	0	0	0	0	0	0	0	0	0	0	0	77564	0	0	0	0	0	0	0	0	0	0	0	838529	0
FFQ	198	0	0	0	0	0	0	0	0	0	0	0	46005	0	0	0	0	0	0	0	0	0	0	0	0	0	83718	0	0	0	0	0	0	0	0	0	0	0	822157	0
FFQ	199	0	0	0	0	0	0	0	0	0	0	0	41688	0	0	0	0	0	0	0	0	0	0	0	0	0	77919	0	0	0	0	0	0	0	0	0	0	0	827936	0
FFQ	200	0	0	0	0	0	0	0	0	0	0	0	40098	0	0	0	0	0	0	0	0	0	0	0	0	0	76154	0	0	0	0	0	0	0	0	0	0	0	826908	0
FFQ	201	0	0	0	0	0	0	0	0	0	0	0	46428	0	0	0	0	0	0	0	0	0	0	0	0	0	83510	0	0	0	0	0	0	0	0	0	0	0	808758	0
FFQ	202	0	0	0	0	0	0	0	0	0	0	0	44718	0	0	0	0	0	0	0	0	0	0	0	0	0	81646	0	0	0	0	0	0	0	0	0	0	0	807671	0
FFQ	203	0	0	0	0	0	0	0	0	0	0	0	46228	0	0	0	0	0	0	0	0	0	0	0	0	0	84262	0	0	0	0	0	0	0	0	0	0	0	798782	0
FFQ	204	0	0	0	0	0	0	0	0	0	0	0	51726	0	0	0	0	0	0	0	0	0	0	0	0	0	89549	0	0	0	0	0	0	0	0	0	0	0	783174	0
FFQ	205	0	0	0	0	0	0	0	0	0	0	0	51788	0	0	0	0	0	0	0	0	0	0	0	0	0	87607	0	0	0	0	0	0	0	0	0	0	0	780044	0
FFQ	206	0	0	0	0	0	0	0	0	0	0	0	46124	0	0	0	0	0	0	0	0	0	0	0	0	0	84121	0	0	0	0	0	0	0	0	0	0	0	784109	0
FFQ	207	0	0	0	0	0	0	0	0	0	0	0	50909	0	0	0	0	0	0	0	0	0	0	0	0	0	89175	0	0	0	0	0	0	0	0	0	0	0	768916	0
FFQ	208	0	0	0	0	0	0	0	0	0	0	0	51693	0	0	0	0	0	0	0	0	0	0	0	0	0	90231	0	0	0	0	0	0	0	0	0	0	0	761653	0
FFQ	209	0	0	0	0	0	0	0	0	0	0	0	51211	0	0	0	0	0	0	0	0	0	0	0	0	0	90234	0	0	0	0	0	0	0	0	0	0	0	756710	0
FFQ	210	0	0	0	0	0	0	0	0	0	0	0	45966	0	0	0	0	0	0	0	0	0	0	0	0	0	83729	0	0	0	0	0	0	0	0	0	0	0	762862	0
FFQ	211	0	0	0	0	0	0	0	0	0	0	0	44110	0	0	0	0	0	0	0	0	0	0	0	0	0	81756	0	0	0	0	0	0	0	0	0	0	0	761182	0
FFQ	212	0	0	0	0	0	0	0	0	0	0	0	46372	0	0	0	0	0	0	0	0	0	0	0	0	0	85214	0	0	0	0	0	0	0	0	0	0	0	749658	0
FFQ	213	0	0	0	0	0	0	0	0	0	0	0	41634	0	0	0	0	0	0	0	0	0	0	0	0	0	80354	0	0	0	0	0	0	0	0	0	0	0	753760	0
FFQ	214	0	0	0	0	0	0	0	0	0	0	0	49265	0	0	0	0	0	0	0	0	0	0	0	0	0	87545	0	0	0	0	0	0	0	0	0	0	0	732895	0
FFQ	215	0	0	0	0	0	0	0	0	0	0	0	53561	0	0	0	0	0	0	0	0	0	0	0	0	0	91124	0	0	0	0	0	0	0	0	0	0	0	719002	0
FFQ	216	0	0	0	0	0	0	0	0	0	0	0	54255	0	0	0	0	0	0	0	0	0	0	0	0	0	90443	0	0	0	0	0	0	0	0	0	0	0	713110	0
FFQ	217	0	0	0	0	0	0	0	0	0	0	0	50568	0	0	0	0	0	0	0	0	0	0	0	0	0	84656	0	0	0	0	0	0	0	0	0	0	0	716530	0
FFQ	218	0	0	0	0	0	0	0	0	0	0	0	46047	0	0	0	0	0	0	0	0	0	0	0	0	0	80661	0	0	0	0	0	0	0	0	0	0	0	718908	0
FFQ	219	0	0	0	0	0	0	0	0	0	0	0	47372	0	0	0	0	0	0	0	0	0	0	0	0	0	81335	0	0	0	0	0	0	0	0	0	0	0	710672	0
FFQ	220	0	0	0	0	0	0	0	0	0	0	0	47343	0	0	0	0	0	0	0	0	0	0	0	0	0	81936	0	0	0	0	0	0	0	0	0	0	0	703685	0
FFQ	221	0	0	0	0	0	0	0	0	0	0	0	49381	0	0	0	0	0	0	0	0	0	0	0	0	0	84712	0	0	0	0	0	0	0	0	0	0	0	692482	0
FFQ	222	0	0	0	0	0	0	0	0	0	0	0	49466	0	0	0	0	0	0	0	0	0	0	0	0	0	85673	0	0	0	0	0	0	0	0	0	0	0	685031	0
FFQ	223	0	0	0	0	0	0	0	0	0	0	0	50060	0	0	0	0	0	0	0	0	0	0	0	0	0	86562	0	0	0	0	0	0	0	0	0	0	0	676961	0
FFQ	224	0	0	0	0	0	0	0	0	0	0	0	54523	0	0	0	0	0	0	0	0	0	0	0	0	0	90297	0	0	0	0	0	0	0	0	0	0	0	662270	0
FFQ	225	0	0	0	0	0	0	0	0	0	0	0	52038	0	0	0	0	0	0	0	0	0	0	0	0	0	86575	0	0	0	0	0	0	0	0	0	0	0	661715	0
FFQ	226	0	0	0	0	0	0	0	0	0	0	0	45873	0	0	0	0	0	0	0	0	0	0	0	0	0	80992	0	0	0	0	0	0	0	0	0	0	0	666921	0
FFQ	227	0	0	0	0	0	0	0	0	0	0	0	45679	0	0	0	0	0	0	0	0	0	0	0	0	0	80193	0	0	0	0	0	0	0	0	0	0	0	661038	0
FFQ	228	0	0	0	0	0	0	0	0	0	0	0	49067	0	0	0	0	0	0	0	0	0	0	0	0	0	85175	0	0	0	0	0	0	0	0	0	0	0	645964	0
FFQ	229	0	0	0	0	0	0	0	0	0	0	0	55916	0	0	0	0	0	0	0	0	0	0	0	0	0	88970	0	0	0	0	0	0	0	0	0	0	0	628448	0
FFQ	230	0	0	0	0	0	0	0	0	0	0	0	59488	0	0	0	0	0	0	0	0	0	0	0	0	0	93098	0	0	0	0	0	0	0	0	0	0	0	613748	0
FFQ	231	0	0	0	0	0	0	0	0	0	0	0	62145	0	0	0	0	0	0	0	0	0	0	0	0	0	93674	0	0	0	0	0	0	0	0	0	0	0	603627	0
FFQ	232	0	0	0	0	0	0	0	0	0	0	0	55988	0	0	0	0	0	0	0	0	0	0	0	0	0	87781	0	0	0	0	0	0	0	0	0	0	0	608632	0
FFQ	233	0	0	0	0	0	0	0	0	0	0	0	52855	0	0	0	0	0	0	0	0	0	0	0	0	0	86505	0	0	0	0	0	0	0	0	0	0	0	606057	0
FFQ	234	0	0	0	0	0	0	0	0	0	0	0	51363	0	0	0	0	0	0	0	0	0	0	0	0	0	84701	0	0	0	0	0	0	0	0	0	0	0	602240	0
FFQ	235	0	0	0	0	0	0	0	0	0	0	0	50214	0	0	0	0	0	0	0	0	0	0	0	0	0	83259	0	0	0	0	0	0	0	0	0	0	0	597857	0
FFQ	236	0	0	0	0	0	0	0	0	0	0	0	58922	0	0	0	0	0	0	0	0	0	0	0	0	0	91804	0	0	0	0	0	0	0	0	0	0	0	573441	0
FFQ	237	0	0	0	0	0	0	0	0	0	0	0	56379	0	0	0	0	0	0	0	0	0	0	0	0	0	88166	0	0	0	0	0	0	0	0	0	0	0	572393	0
FFQ	238	0	0	0	0	0	0	0	0	0	0	0	50431	0	0	0	0	0	0	0	0	0	0	0	0	0	83491	0	0	0	0	0	0	0	0	0	0	0	575853	0
FFQ	239	0	0	0	0	0	0	0	0	0	0	0	55458	0	0	0	0	0	0	0	0	0	0	0	0	0	87538	0	0	0	0	0	0	0	0	0	0	0	559451	0
FFQ	240	0	0	0	0	0	0	0	0	0	0	0	54321	0	0	0	0	0	0	0	0	0	0	0	0	0	85161	0	0	0	0	0	0	0	0	0	0	0	555796	0
FFQ	241	0	0	0	0	0	0	0	0	0	0	0	55844	0	0	0	0	0	0	0	0	0	0	0	0	0	87455	0	0	0	0	0	0	0	0	0	0	0	544564	0
FFQ	242	0	0	0	0	0	0	0	0	0	0	0	64667	0	0	0	0	0	0	0	0	0	0	0	0	0	94219	0	0	0	0	0	0	0	0	0	0	0	521421	0
FFQ	243	0	0	0	0	0	0	0	0	0	0	0	72809	0	0	0	0	0	0	0	0	0	0	0	0	0	98218	0	0	0	0	0	0	0	0	0	0	0	501739	0
FFQ	244	0	0	0	0	0	0	0	0	0	0	0	61846	0	0	0	0	0	0	0	0	0	0	0	0	0	89150	0	0	0	0	0	0	0	0	0	0	0	514520	0
FFQ	245	0	0	0	0	0	0	0	0	0	0	0	51950	0	0	0	0	0	0	0	0	0	0	0	0	0	82185	0	0	0	0	0	0	0	0	0	0	0	523958	0
FFQ	246	0	0	0	0	0	0	0	0	0	0	0	55612	0	0	0	0	0	0	0	0	0	0	0	0	0	84282	0	0	0	0	0	0	0	0	0	0	0	510206	0
FFQ	247	0	0	0	0	0	0	0	0	0	0	0	52939	0	0	0	0	0	0	0	0	0	0	0	0	0	82967	0	0	0	0	0	0	0	0	0	0	0	506799	0
FFQ	248	0	0	0	0	0	0	0	0	0	0	0	63996	0	0	0	0	0	0	0	0	0	0	0	0	0	90934	0	0	0	0	0	0	0	0	0	0	0	479843	0
FFQ	249	0	0	0	0	0	0	0	0	0	0	0	48488	0	0	0	0	0	0	0	0	0	0	0	0	0	85134	0	0	0	0	0	0	0	0	0	0	0	487141	0
FFQ	250	0	0	0	0	0	0	0	0	0	0	0	0	0	0	0	0	0	0	0	0	0	0	0	0	0	84485	0	0	0	0	0	0	0	0	0	0	0	480997	0
# Last Fragment Qualities. Use `grep ^LFQ | cut -f 2-` to extract this part.
# Columns correspond to qualities and rows to cycles. First column is the cycle number.
LFQ	1	0	0	0	0	0	0	0	0	0	0	0	142160	0	0	0	0	0	0	0	0	0	0	0	0	0	151406	0	0	0	0	0	0	0	0	0	0	0	793342	0
LFQ	2	0	0	0	0	0	0	0	0	0	0	0	14545	0	0	0	0	0	0	0	0	0	0	0	0	0	38341	0	0	0	0	0	0	0	0	0	0	0	1034022	0
LFQ	3	0	0	0	0	0	0	0	0	0	0	0	17475	0	0	0	0	0	0	0	0	0	0	0	0	0	45723	0	0	0	0	0	0	0	0	0	0	0	1023710	0
LFQ	4	0	0	0	0	0	0	0	0	0	0	0	16332	0	0	0	0	0	0	0	0	0	0	0	0	0	47261	0	0	0	0	0	0	0	0	0	0	0	1023315	0
LFQ	5	0	0	0	0	0	0	0	0	0	0	0	18412	0	0	0	0	0	0	0	0	0	0	0	0	0	46865	0	0	0	0	0	0	0	0	0	0	0	1021631	0
LFQ	6	0	0	0	0	0	0	0	0	0	0	0	18397	0	0	0	0	0	0	0	0	0	0	0	0	0	47644	0	0	0	0	0	0	0	0	0	0	0	1020867	0
LFQ	7	0	0	0	0	0	0	0	0	0	0	0	15010	0	0	0	0	0	0	0	0	0	0	0	0	0	42542	0	0	0	0	0	0	0	0	0	0	0	1029356	0
LFQ	8	0	0	0	0	0	0	0	0	0	0	0	15368	0	0	0	0	0	0	0	0	0	0	0	0	0	43663	0	0	0	0	0	0	0	0	0	0	0	1027877	0
LFQ	9	0	0	0	0	0	0	0	0	0	0	0	16779	0	0	0	0	0	0	0	0	0	0	0	0	0	48753	0	0	0	0	0	0	0	0	0	0	0	1021376	0
LFQ	10	0	0	0	0	0	0	0	0	0	0	0	17445	0	0	0	0	0	0	0	0	0	0	0	0	0	47937	0	0	0	0	0	0	0	0	0	0	0	1021526	0
LFQ	11	0	0	0	0	0	0	0	0	0	0	0	17088	0	0	0	0	0	0	0	0	0	0	0	0	0	47266	0	0	0	0	0	0	0	0	0	0	0	1022554	0
LFQ	12	0	0	0	0	0	0	0	0	0	0	0	16473	0	0	0	0	0	0	0	0	0	0	0	0	0	48445	0	0	0	0	0	0	0	0	0	0	0	1021990	0
LFQ	13	0	0	0	0	0	0	0	0	0	0	0	19835	0	0	0	0	0	0	0	0	0	0	0	0	0	56054	0	0	0	0	0	0	0	0	0	0	0	1011019	0
LFQ	14	0	0	0	0	0	0	0	0	0	0	0	14116	0	0	0	0	0	0	0	0	0	0	0	0	0	42123	0	0	0	0	0	0	0	0	0	0	0	1030669	0
LFQ	15	0	0	0	0	0	0	0	0	0	0	0	16054	0	0	0	0	0	0	0	0	0	0	0	0	0	45393	0	0	0	0	0	0	0	0	0	0	0	1025461	0
LFQ	16	0	0	0	0	0	0	0	0	0	0	0	14326	0	0	0	0	0	0	0	0	0	0	0	0	0	44157	0	0	0	0	0	0	0	0	0	0	0	1028425	0
LFQ	17	0	0	0	0	0	0	0	0	0	0	0	18248	0	0	0	0	0	0	0	0	0	0	0	0	0	50917	0	0	0	0	0	0	0	0	0	0	0	1017743	0
LFQ	18	0	0	0	0	0	0	0	0	0	0	0	12736	0	0	0	0	0	0	0	0	0	0	0	0	0	40024	0	0	0	0	0	0	0	0	0	0	0	1034148	0
LFQ	19	0	0	0	0	0	0	0	0	0	0	0	12814	0	0	0	0	0	0	0	0	0	0	0	0	0	40380	0	0	0	0	0	0	0	0	0	0	0	1033714	0
LFQ	20	0	0	0	0	0	0	0	0	0	0	0	18419	0	0	0	0	0	0	0	0	0	0	0	0	0	49562	0	0	0	0	0	0	0	0	0	0	0	1018927	0
LFQ	21	0	0	0	0	0	0	0	0	0	0	0	13413	0	0	0	0	0	0	0	0	0	0	0	0	0	44602	0	0	0	0	0	0	0	0	0	0	0	1028893	0
LFQ	22	0	0	0	0	0	0	0	0	0	0	0	14518	0	0	0	0	0	0	0	0	0	0	0	0	0	48508	0	0	0	0	0	0	0	0	0	0	0	1023882	0
LFQ	23	0	0	0	0	0	0	0	0	0	0	0	17600	0	0	0	0	0	0	0	0	0	0	0	0	0	48314	0	0	0	0	0	0	0	0	0	0	0	1020994	0
LFQ	24	0	0	0	0	0	0	0	0	0	0	0	21333	0	0	0	0	0	0	0	0	0	0	0	0	0	54382	0	0	0	0	0	0	0	0	0	0	0	1011193	0
LFQ	25	0	0	0	0	0	0	0	0	0	0	0	13218	0	0	0	0	0	0	0	0	0	0	0	0	0	43363	0	0	0	0	0	0	0	0	0	0	0	1030327	0
LFQ	26	0	0	0	0	0	0	0	0	0	0	0	15721	0	0	0	0	0	0	0	0	0	0	0	0	0	44708	0	0	0	0	0	0	0	0	0	0	0	1026479	0
LFQ	27	0	0	0	0	0	0	0	0	0	0	0	16760	0	0	0	0	0	0	0	0	0	0	0	0	0	46896	0	0	0	0	0	0	0	0	0	0	0	1023252	0
LFQ	28	0	0	0	0	0	0	0	0	0	0	0	20117	0	0	0	0	0	0	0	0	0	0	0	0	0	53278	0	0	0	0	0	0	0	0	0	0	0	1013513	0
LFQ	29	0	0	0	0	0	0	0	0	0	0	0	16397	0	0	0	0	0	0	0	0	0	0	0	0	0	49914	0	0	0	0	0	0	0	0	0	0	0	1020597	0
LFQ	30	0	0	0	0	0	0	0	0	0	0	0	16523	0	0	0	0	0	0	0	0	0	0	0	0	0	46475	0	0	0	0	0	0	0	0	0	0	0	1023910	0
LFQ	31	0	0	0	0	0	0	0	0	0	0	0	16723	0	0	0	0	0	0	0	0	0	0	0	0	0	46339	0	0	0	0	0	0	0	0	0	0	0	1023846	0
LFQ	32	0	0	0	0	0	0	0	0	0	0	0	17760	0	0	0	0	0	0	0	0	0	0	0	0	0	51188	0	0	0	0	0	0	0	0	0	0	0	1017960	0
LFQ	33	0	0	0	0	0	0	0	0	0	0	0	16211	0	0	0	0	0	0	0	0	0	0	0	0	0	49168	0	0	0	0	0	0	0	0	0	0	0	1021529	0
LFQ	34	0	0	0	0	0	0	0	0	0	0	0	19963	0	0	0	0	0	0	0	0	0	0	0	0	0	56311	0	0	0	0	0	0	0	0	0	0	0	1010634	0
LFQ	35	0	0	0	0	0	0	0	0	0	0	0	13996	0	0	0	0	0	0	0	0	0	0	0	0	0	43326	0	0	0	0	0	0	0	0	0	0	0	1029586	0
LFQ	36	0	0	0	0	0	0	0	0	0	0	0	18557	0	0	0	0	0	0	0	0	0	0	0	0	0	54845	0	0	0	0	0	0	0	0	0	0	0	1013506	0
LFQ	37	0	0	0	0	0	0	0	0	0	0	0	15588	0	0	0	0	0	0	0	0	0	0	0	0	0	46316	0	0	0	0	0	0	0	0	0	0	0	1024912	0
LFQ	38	0	0	0	0	0	0	0	0	0	0	0	11102	0	0	0	0	0	0	0	0	0	0	0	0	0	38479	0	0	0	0	0	0	0	0	0	0	0	1037146	0
LFQ	39	0	0	0	0	0	0	0	0	0	0	0	9991	0	0	0	0	0	0	0	0	0	0	0	0	0	31693	0	0	0	0	0	0	0	0	0	0	0	1044928	0
LFQ	40	0	0	0	0	0	0	0	0	0	0	0	18285	0	0	0	0	0	0	0	0	0	0	0	0	0	50623	0	0	0	0	0	0	0	0	0	0	0	1017473	0
LFQ	41	0	0	0	0	0	0	0	0	0	0	0	20256	0	0	0	0	0	0	0	0	0	0	0	0	0	62517	0	0	0	0	0	0	0	0	0	0	0	1003461	0
LFQ	42	0	0	0	0	0	0	0	0	0	0	0	19579	0	0	0	0	0	0	0	0	0	0	0	0	0	53514	0	0	0	0	0	0	0	0	0	0	0	1012974	0
LFQ	43	0	0	0	0	0	0	0	0	0	0	0	19265	0	0	0	0	0	0	0	0	0	0	0	0	0	57329	0	0	0	0	0	0	0	0	0	0	0	1009267	0
LFQ	44	0	0	0	0	0	0	0	0	0	0	0	20543	0	0	0	0	0	0	0	0	0	0	0	0	0	61953	0	0	0	0	0	0	0	0	0	0	0	1003197	0
LFQ	45	0	0	0	0	0	0	0	0	0	0	0	15503	0	0	0	0	0	0	0	0	0	0	0	0	0	48459	0	0	0	0	0	0	0	0	0	0	0	1021597	0
LFQ	46	0	0	0	0	0	0	0	0	0	0	0	20789	0	0	0	0	0	0	0	0	0	0	0	0	0	53555	0	0	0	0	0	0	0	0	0	0	0	1011086	0
LFQ	47	0	0	0	0	0	0	0	0	0	0	0	16875	0	0	0	0	0	0	0	0	0	0	0	0	0	49425	0	0	0	0	0	0	0	0	0	0	0	1019005	0
LFQ	48	0	0	0	0	0	0	0	0	0	0	0	23258	0	0	0	0	0	0	0	0	0	0	0	0	0	56268	0	0	0	0	0	0	0	0	0	0	0	1005665	0
LFQ	49	0	0	0	0	0	0	0	0	0	0	0	11516	0	0	0	0	0	0	0	0	0	0	0	0	0	36902	0	0	0	0	0	0	0	0	0	0	0	1036699	0
LFQ	50	0	0	0	0	0	0	0	0	0	0	0	20908	0	0	0	0	0	0	0	0	0	0	0	0	0	58863	0	0	0	0	0	0	0	0	0	0	0	1005228	0
LFQ	51	0	0	0	0	0	0	0	0	0	0	0	11190	0	0	0	0	0	0	0	0	0	0	0	0	0	35858	0	0	0	0	0	0	0	0	0	0	0	1037479	0
LFQ	52	0	0	0	0	0	0	0	0	0	0	0	21775	0	0	0	0	0	0	0	0	0	0	0	0	0	60371	0	0	0	0	0	0	0	0	0	0	0	1002147	0
LFQ	53	0	0	0	0	0	0	0	0	0	0	0	20852	0	0	0	0	0	0	0	0	0	0	0	0	0	57189	0	0	0	0	0	0	0	0	0	0	0	1005838	0
LFQ	54	0	0	0	0	0	0	0	0	0	0	0	17043	0	0	0	0	0	0	0	0	0	0	0	0	0	50730	0	0	0	0	0	0	0	0	0	0	0	1015910	0
LFQ	55	0	0	0	0	0	0	0	0	0	0	0	11795	0	0	0	0	0	0	0	0	0	0	0	0	0	35840	0	0	0	0	0	0	0	0	0	0	0	1035710	0
LFQ	56	0	0	0	0	0	0	0	0	0	0	0	10940	0	0	0	0	0	0	0	0	0	0	0	0	0	33742	0	0	0	0	0	0	0	0	0	0	0	1038479	0
LFQ	57	0	0	0	0	0	0	0	0	0	0	0	20649	0	0	0	0	0	0	0	0	0	0	0	0	0	58154	0	0	0	0	0	0	0	0	0	0	0	1003916	0
LFQ	58	0	0	0	0	0	0	0	0	0	0	0	20654	0	0	0	0	0	0	0	0	0	0	0	0	0	60657	0	0	0	0	0	0	0	0	0	0	0	1001246	0
LFQ	59	0	0	0	0	0	0	0	0	0	0	0	12661	0	0	0	0	0	0	0	0	0	0	0	0	0	37775	0	0	0	0	0	0	0	0	0	0	0	1031730	0
LFQ	60	0	0	0	0	0	0	0	0	0	0	0	22409	0	0	0	0	0	0	0	0	0	0	0	0	0	60828	0	0	0	0	0	0	0	0	0	0	0	998751	0
LFQ	61	0	0	0	0	0	0	0	0	0	0	0	12257	0	0	0	0	0	0	0	0	0	0	0	0	0	39278	0	0	0	0	0	0	0	0	0	0	0	1030108	0
LFQ	62	0	0	0	0	0	0	0	0	0	0	0	16243	0	0	0	0	0	0	0	0	0	0	0	0	0	49799	0	0	0	0	0	0	0	0	0	0	0	1015454	0
LFQ	63	0	0	0	0	0	0	0	0	0	0	0	12078	0	0	0	0	0	0	0	0	0	0	0	0	0	36095	0	0	0	0	0	0	0	0	0	0	0	1033123	0
LFQ	64	0	0	0	0	0	0	0	0	0	0	0	15489	0	0	0	0	0	0	0	0	0	0	0	0	0	47981	0	0	0	0	0	0	0	0	0	0	0	1017688	0
LFQ	65	0	0	0	0	0	0	0	0	0	0	0	15887	0	0	0	0	0	0	0	0	0	0	0	0	0	46920	0	0	0	0	0	0	0	0	0	0	0	1018134	0
LFQ	66	0	0	0	0	0	0	0	0	0	0	0	11412	0	0	0	0	0	0	0	0	0	0	0	0	0	35124	0	0	0	0	0	0	0	0	0	0	0	1034286	0
LFQ	67	0	0	0	0	0	0	0	0	0	0	0	16336	0	0	0	0	0	0	0	0	0	0	0	0	0	50097	0	0	0	0	0	0	0	0	0	0	0	1014122	0
LFQ	68	0	0	0	0	0	0	0	0	0	0	0	11777	0	0	0	0	0	0	0	0	0	0	0	0	0	36326	0	0	0	0	0	0	0	0	0	0	0	1032330	0
LFQ	69	0	0	0	0	0	0	0	0	0	0	0	17807	0	0	0	0	0	0	0	0	0	0	0	0	0	53904	0	0	0	0	0	0	0	0	0	0	0	1008441	0
LFQ	70	0	0	0	0	0	0	0	0	0	0	0	20843	0	0	0	0	0	0	0	0	0	0	0	0	0	55914	0	0	0	0	0	0	0	0	0	0	0	1003275	0
LFQ	71	0	0	0	0	0	0	0	0	0	0	0	13407	0	0	0	0	0	0	0	0	0	0	0	0	0	41197	0	0	0	0	0	0	0	0	0	0	0	1025175	0
LFQ	72	0	0	0	0	0	0	0	0	0	0	0	12255	0	0	0	0	0	0	0	0	0	0	0	0	0	37258	0	0	0	0	0	0	0	0	0	0	0	1030147	0
LFQ	73	0	0	0	0	0	0	0	0	0	0	0	13174	0	0	0	0	0	0	0	0	0	0	0	0	0	38389	0	0	0	0	0	0	0	0	0	0	0	1027874	0
LFQ	74	0	0	0	0	0	0	0	0	0	0	0	21859	0	0	0	0	0	0	0	0	0	0	0	0	0	58601	0	0	0	0	0	0	0	0	0	0	0	998823	0
LFQ	75	0	0	0	0	0	0	0	0	0	0	0	23195	0	0	0	0	0	0	0	0	0	0	0	0	0	65155	0	0	0	0	0	0	0	0	0	0	0	990686	0
LFQ	76	0	0	0	0	0	0	0	0	0	0	0	20835	0	0	0	0	0	0	0	0	0	0	0	0	0	59957	0	0	0	0	0	0	0	0	0	0	0	998045	0
LFQ	77	0	0	0	0	0	0	0	0	0	0	0	13913	0	0	0	0	0	0	0	0	0	0	0	0	0	44523	0	0	0	0	0	0	0	0	0	0	0	1020139	0
LFQ	78	0	0	0	0	0	0	0	0	0	0	0	23554	0	0	0	0	0	0	0	0	0	0	0	0	0	63456	0	0	0	0	0	0	0	0	0	0	0	991444	0
LFQ	79	0	0	0	0	0	0	0	0	0	0	0	15133	0	0	0	0	0	0	0	0	0	0	0	0	0	46227	0	0	0	0	0	0	0	0	0	0	0	1016808	0
LFQ	80	0	0	0	0	0	0	0	0	0	0	0	20680	0	0	0	0	0	0	0	0	0	0	0	0	0	58617	0	0	0	0	0	0	0	0	0	0	0	998748	0
LFQ	81	0	0	0	0	0	0	0	0	0	0	0	15714	0	0	0	0	0	0	0	0	0	0	0	0	0	46600	0	0	0	0	0	0	0	0	0	0	0	1015473	0
LFQ	82	0	0	0	0	0	0	0	0	0	0	0	18721	0	0	0	0	0	0	0	0	0	0	0	0	0	56886	0	0	0	0	0	0	0	0	0	0	0	1002006	0
LFQ	83	0	0	0	0	0	0	0	0	0	0	0	19591	0	0	0	0	0	0	0	0	0	0	0	0	0	58630	0	0	0	0	0	0	0	0	0	0	0	999161	0
LFQ	84	0	0	0	0	0	0	0	0	0	0	0	17853	0	0	0	0	0	0	0	0	0	0	0	0	0	54523	0	0	0	0	0	0	0	0	0	0	0	1004823	0
LFQ	85	0	0	0	0	0	0	0	0	0	0	0	19983	0	0	0	0	0	0	0	0	0	0	0	0	0	59011	0	0	0	0	0	0	0	0	0	0	0	997958	0
LFQ	86	0	0	0	0	0	0	0	0	0	0	0	18982	0	0	0	0	0	0	0	0	0	0	0	0	0	55493	0	0	0	0	0	0	0	0	0	0	0	1002327	0
LFQ	87	0	0	0	0	0	0	0	0	0	0	0	21541	0	0	0	0	0	0	0	0	0	0	0	0	0	62678	0	0	0	0	0	0	0	0	0	0	0	992305	0
LFQ	88	0	0	0	0	0	0	0	0	0	0	0	19878	0	0	0	0	0	0	0	0	0	0	0	0	0	57957	0	0	0	0	0	0	0	0	0	0	0	998523	0
LFQ	89	0	0	0	0	0	0	0	0	0	0	0	18932	0	0	0	0	0	0	0	0	0	0	0	0	0	57886	0	0	0	0	0	0	0	0	0	0	0	999298	0
LFQ	90	0	0	0	0	0	0	0	0	0	0	0	20091	0	0	0	0	0	0	0	0	0	0	0	0	0	60332	0	0	0	0	0	0	0	0	0	0	0	995543	0
LFQ	91	0	0	0	0	0	0	0	0	0	0	0	17078	0	0	0	0	0	0	0	0	0	0	0	0	0	49844	0	0	0	0	0	0	0	0	0	0	0	1008847	0
LFQ	92	0	0	0	0	0	0	0	0	0	0	0	21993	0	0	0	0	0	0	0	0	0	0	0	0	0	57379	0	0	0	0	0	0	0	0	0	0	0	996208	0
LFQ	93	0	0	0	0	0	0	0	0	0	0	0	16566	0	0	0	0	0	0	0	0	0	0	0	0	0	47284	0	0	0	0	0	0	0	0	0	0	0	1011542	0
LFQ	94	0	0	0	0	0	0	0	0	0	0	0	24636	0	0	0	0	0	0	0	0	0	0	0	0	0	62723	0	0	0	0	0	0	0	0	0	0	0	987850	0
LFQ	95	0	0	0	0	0	0	0	0	0	0	0	29417	0	0	0	0	0	0	0	0	0	0	0	0	0	70374	0	0	0	0	0	0	0	0	0	0	0	975159	0
LFQ	96	0	0	0	0	0	0	0	0	0	0	0	19822	0	0	0	0	0	0	0	0	0	0	0	0	0	59352	0	0	0	0	0	0	0	0	0	0	0	995605	0
LFQ	97	0	0	0	0	0	0	0	0	0	0	0	32888	0	0	0	0	0	0	0	0	0	0	0	0	0	72848	0	0	0	0	0	0	0	0	0	0	0	968680	0
LFQ	98	0	0	0	0	0	0	0	0	0	0	0	25436	0	0	0	0	0	0	0	0	0	0	0	0	0	70209	0	0	0	0	0	0	0	0	0	0	0	978549	0
LFQ	99	0	0	0	0	0	0	0	0	0	0	0	25049	0	0	0	0	0	0	0	0	0	0	0	0	0	72414	0	0	0	0	0	0	0	0	0	0	0	976424	0
LFQ	100	0	0	0	0	0	0	0	0	0	0	0	33853	0	0	0	0	0	0	0	0	0	0	0	0	0	78417	0	0	0	0	0	0	0	0	0	0	0	961394	0
LFQ	101	0	0	0	0	0	0	0	0	0	0	0	22847	0	0	0	0	0	0	0	0	0	0	0	0	0	65497	0	0	0	0	0	0	0	0	0	0	0	985062	0
LFQ	102	0	0	0	0	0	0	0	0	0	0	0	16688	0	0	0	0	0	0	0	0	0	0	0	0	0	51764	0	0	0	0	0	0	0	0	0	0	0	1004756	0
LFQ	103	0	0	0	0	0	0	0	0	0	0	0	16254	0	0	0	0	0	0	0	0	0	0	0	0	0	47619	0	0	0	0	0	0	0	0	0	0	0	1009120	0
LFQ	104	0	0	0	0	0	0	0	0	0	0	0	23154	0	0	0	0	0	0	0	0	0	0	0	0	0	66324	0	0	0	0	0	0	0	0	0	0	0	983312	0
LFQ	105	0	0	0	0	0	0	0	0	0	0	0	16956	0	0	0	0	0	0	0	0	0	0	0	0	0	50910	0	0	0	0	0	0	0	0	0	0	0	1004709	0
LFQ	106	0	0	0	0	0	0	0	0	0	0	0	17691	0	0	0	0	0	0	0	0	0	0	0	0	0	48521	0	0	0	0	0	0	0	0	0	0	0	1006143	0
LFQ	107	0	0	0	0	0	0	0	0	0	0	0	27267	0	0	0	0	0	0	0	0	0	0	0	0	0	79780	0	0	0	0	0	0	0	0	0	0	0	965078	0
LFQ	108	0	0	0	0	0	0	0	0	0	0	0	25395	0	0	0	0	0	0	0	0	0	0	0	0	0	68314	0	0	0	0	0	0	0	0	0	0	0	978163	0
LFQ	109	0	0	0	0	0	0	0	0	0	0	0	19771	0	0	0	0	0	0	0	0	0	0	0	0	0	55988	0	0	0	0	0	0	0	0	0	0	0	995840	0
LFQ	110	0	0	0	0	0	0	0	0	0	0	0	28093	0	0	0	0	0	0	0	0	0	0	0	0	0	72019	0	0	0	0	0	0	0	0	0	0	0	971156	0
LFQ	111	0	0	0	0	0	0	0	0	0	0	0	24936	0	0	0	0	0	0	0	0	0	0	0	0	0	64258	0	0	0	0	0	0	0	0	0	0	0	981755	0
LFQ	112	0	0	0	0	0	0	0	0	0	0	0	19666	0	0	0	0	0	0	0	0	0	0	0	0	0	55690	0	0	0	0	0	0	0	0	0	0	0	995287	0
LFQ	113	0	0	0	0	0	0	0	0	0	0	0	35065	0	0	0	0	0	0	0	0	0	0	0	0	0	85974	0	0	0	0	0	0	0	0	0	0	0	949207	0
LFQ	114	0	0	0	0	0	0	0	0	0	0	0	40658	0	0	0	0	0	0	0	0	0	0	0	0	0	74693	0	0	0	0	0	0	0	0	0	0	0	954500	0
LFQ	115	0	0	0	0	0	0	0	0	0	0	0	37882	0	0	0	0	0	0	0	0	0	0	0	0	0	88087	0	0	0	0	0	0	0	0	0	0	0	943415	0
LFQ	116	0	0	0	0	0	0	0	0	0	0	0	25370	0	0	0	0	0	0	0	0	0	0	0	0	0	71453	0	0	0	0	0	0	0	0	0	0	0	972106	0
LFQ	117	0	0	0	0	0	0	0	0	0	0	0	37301	0	0	0	0	0	0	0	0	0	0	0	0	0	73085	0	0	0	0	0	0	0	0	0	0	0	957926	0
LFQ	118	0	0	0	0	0	0	0	0	0	0	0	36713	0	0	0	0	0	0	0	0	0	0	0	0	0	86191	0	0	0	0	0	0	0	0	0	0	0	944846	0
LFQ	119	0	0	0	0	0	0	0	0	0	0	0	35623	0	0	0	0	0	0	0	0	0	0	0	0	0	84775	0	0	0	0	0	0	0	0	0	0	0	946634	0
LFQ	120	0	0	0	0	0	0	0	0	0	0	0	37156	0	0	0	0	0	0	0	0	0	0	0	0	0	74992	0	0	0	0	0	0	0	0	0	0	0	954181	0
LFQ	121	0	0	0	0	0	0	0	0	0	0	0	37256	0	0	0	0	0	0	0	0	0	0	0	0	0	75703	0	0	0	0	0	0	0	0	0	0	0	952721	0
LFQ	122	0	0	0	0	0	0	0	0	0	0	0	37217	0	0	0	0	0	0	0	0	0	0	0	0	0	74732	0	0	0	0	0	0	0	0	0	0	0	953025	0
LFQ	123	0	0	0	0	0	0	0	0	0	0	0	39553	0	0	0	0	0	0	0	0	0	0	0	0	0	74733	0	0	0	0	0	0	0	0	0	0	0	949897	0
LFQ	124	0	0	0	0	0	0	0	0	0	0	0	37682	0	0	0	0	0	0	0	0	0	0	0	0	0	70234	0	0	0	0	0	0	0	0	0	0	0	955656	0
LFQ	125	0	0	0	0	0	0	0	0	0	0	0	48080	0	0	0	0	0	0	0	0	0	0	0	0	0	81233	0	0	0	0	0	0	0	0	0	0	0	933722	0
LFQ	126	0	0	0	0	0	0	0	0	0	0	0	31167	0	0	0	0	0	0	0	0	0	0	0	0	0	93115	0	0	0	0	0	0	0	0	0	0	0	938327	0
LFQ	127	0	0	0	0	0	0	0	0	0	0	0	27137	0	0	0	0	0	0	0	0	0	0	0	0	0	79006	0	0	0	0	0	0	0	0	0	0	0	956000	0
LFQ	128	0	0	0	0	0	0	0	0	0	0	0	22216	0	0	0	0	0	0	0	0	0	0	0	0	0	65151	0	0	0	0	0	0	0	0	0	0	0	974374	0
LFQ	129	0	0	0	0	0	0	0	0	0	0	0	22539	0	0	0	0	0	0	0	0	0	0	0	0	0	63605	0	0	0	0	0	0	0	0	0	0	0	975206	0
LFQ	130	0	0	0	0	0	0	0	0	0	0	0	26538	0	0	0	0	0	0	0	0	0	0	0	0	0	67758	0	0	0	0	0	0	0	0	0	0	0	966658	0
LFQ	131	0	0	0	0	0	0	0	0	0	0	0	25080	0	0	0	0	0	0	0	0	0	0	0	0	0	64734	0	0	0	0	0	0	0	0	0	0	0	970731	0
LFQ	132	0	0	0	0	0	0	0	0	0	0	0	25295	0	0	0	0	0	0	0	0	0	0	0	0	0	64667	0	0	0	0	0	0	0	0	0	0	0	970176	0
LFQ	133	0	0	0	0	0	0	0	0	0	0	0	24952	0	0	0	0	0	0	0	0	0	0	0	0	0	62911	0	0	0	0	0	0	0	0	0	0	0	971824	0
LFQ	134	0	0	0	0	0	0	0	0	0	0	0	23915	0	0	0	0	0	0	0	0	0	0	0	0	0	59597	0	0	0	0	0	0	0	0	0	0	0	975739	0
LFQ	135	0	0	0	0	0	0	0	0	0	0	0	24363	0	0	0	0	0	0	0	0	0	0	0	0	0	55382	0	0	0	0	0	0	0	0	0	0	0	979055	0
LFQ	136	0	0	0	0	0	0	0	0	0	0	0	27852	0	0	0	0	0	0	0	0	0	0	0	0	0	56888	0	0	0	0	0	0	0	0	0	0	0	973535	0
LFQ	137	0	0	0	0	0	0	0	0	0	0	0	27729	0	0	0	0	0	0	0	0	0	0	0	0	0	56688	0	0	0	0	0	0	0	0	0	0	0	973379	0
LFQ	138	0	0	0	0	0	0	0	0	0	0	0	25639	0	0	0	0	0	0	0	0	0	0	0	0	0	55167	0	0	0	0	0	0	0	0	0	0	0	976495	0
LFQ	139	0	0	0	0	0	0	0	0	0	0	0	22926	0	0	0	0	0	0	0	0	0	0	0	0	0	53036	0	0	0	0	0	0	0	0	0	0	0	980831	0
LFQ	140	0	0	0	0	0	0	0	0	0	0	0	21655	0	0	0	0	0	0	0	0	0	0	0	0	0	51996	0	0	0	0	0	0	0	0	0	0	0	982587	0
LFQ	141	0	0	0	0	0	0	0	0	0	0	0	24816	0	0	0	0	0	0	0	0	0	0	0	0	0	55174	0	0	0	0	0	0	0	0	0	0	0	975681	0
LFQ	142	0	0	0	0	0	0	0	0	0	0	0	27038	0	0	0	0	0	0	0	0	0	0	0	0	0	57942	0	0	0	0	0	0	0	0	0	0	0	970088	0
LFQ	143	0	0	0	0	0	0	0	0	0	0	0	29740	0	0	0	0	0	0	0	0	0	0	0	0	0	59792	0	0	0	0	0	0	0	0	0	0	0	964924	0
LFQ	144	0	0	0	0	0	0	0	0	0	0	0	30229	0	0	0	0	0	0	0	0	0	0	0	0	0	59895	0	0	0	0	0	0	0	0	0	0	0	963675	0
LFQ	145	0	0	0	0	0	0	0	0	0	0	0	29539	0	0	0	0	0	0	0	0	0	0	0	0	0	60810	0	0	0	0	0	0	0	0	0	0	0	962770	0
LFQ	146	0	0	0	0	0	0	0	0	0	0	0	27191	0	0	0	0	0	0	0	0	0	0	0	0	0	57951	0	0	0	0	0	0	0	0	0	0	0	967322	0
LFQ	147	0	0	0	0	0	0	0	0	0	0	0	26792	0	0	0	0	0	0	0	0	0	0	0	0	0	59205	0	0	0	0	0	0	0	0	0	0	0	965787	0
LFQ	148	0	0	0	0	0	0	0	0	0	0	0	28793	0	0	0	0	0	0	0	0	0	0	0	0	0	62827	0	0	0	0	0	0	0	0	0	0	0	959394	0
LFQ	149	0	0	0	0	0	0	0	0	0	0	0	27218	0	0	0	0	0	0	0	0	0	0	0	0	0	60737	0	0	0	0	0	0	0	0	0	0	0	962300	0
LFQ	150	0	0	0	0	0	0	0	0	0	0	0	26903	0	0	0	0	0	0	0	0	0	0	0	0	0	60456	0	0	0	0	0	0	0	0	0	0	0	962113	0
LFQ	151	0	0	0	0	0	0	0	0	0	0	0	29484	0	0	0	0	0	0	0	0	0	0	0	0	0	62413	0	0	0	0	0	0	0	0	0	0	0	956788	0
LFQ	152	0	0	0	0	0	0	0	0	0	0	0	30202	0	0	0	0	0	0	0	0	0	0	0	0	0	62509	0	0	0	0	0	0	0	0	0	0	0	955092	0
LFQ	153	0	0	0	0	0	0	0	0	0	0	0	31183	0	0	0	0	0	0	0	0	0	0	0	0	0	64512	0	0	0	0	0	0	0	0	0	0	0	951230	0
LFQ	154	0	0	0	0	0	0	0	0	0	0	0	29028	0	0	0	0	0	0	0	0	0	0	0	0	0	63143	0	0	0	0	0	0	0	0	0	0	0	953821	0
LFQ	155	0	0	0	0	0	0	0	0	0	0	0	28470	0	0	0	0	0	0	0	0	0	0	0	0	0	60783	0	0	0	0	0	0	0	0	0	0	0	955767	0
LFQ	156	0	0	0	0	0	0	0	0	0	0	0	29150	0	0	0	0	0	0	0	0	0	0	0	0	0	63006	0	0	0	0	0	0	0	0	0	0	0	951843	0
LFQ	157	0	0	0	0	0	0	0	0	0	0	0	29420	0	0	0	0	0	0	0	0	0	0	0	0	0	63850	0	0	0	0	0	0	0	0	0	0	0	949594	0
LFQ	158	0	0	0	0	0	0	0	0	0	0	0	30871	0	0	0	0	0	0	0	0	0	0	0	0	0	65455	0	0	0	0	0	0	0	0	0	0	0	945430	0
LFQ	159	0	0	0	0	0	0	0	0	0	0	0	28576	0	0	0	0	0	0	0	0	0	0	0	0	0	63444	0	0	0	0	0	0	0	0	0	0	0	948525	0
LFQ	160	0	0	0	0	0	0	0	0	0	0	0	29921	0	0	0	0	0	0	0	0	0	0	0	0	0	64519	0	0	0	0	0	0	0	0	0	0	0	944996	0
LFQ	161	0	0	0	0	0	0	0	0	0	0	0	31944	0	0	0	0	0	0	0	0	0	0	0	0	0	67527	0	0	0	0	0	0	0	0	0	0	0	938821	0
LFQ	162	0	0	0	0	0	0	0	0	0	0	0	29726	0	0	0	0	0	0	0	0	0	0	0	0	0	64393	0	0	0	0	0	0	0	0	0	0	0	942912	0
LFQ	163	0	0	0	0	0	0	0	0	0	0	0	29390	0	0	0	0	0	0	0	0	0	0	0	0	0	64075	0	0	0	0	0	0	0	0	0	0	0	942252	0
LFQ	164	0	0	0	0	0	0	0	0	0	0	0	30533	0	0	0	0	0	0	0	0	0	0	0	0	0	67087	0	0	0	0	0	0	0	0	0	0	0	936707	0
LFQ	165	0	0	0	0	0	0	0	0	0	0	0	28811	0	0	0	0	0	0	0	0	0	0	0	0	0	63994	0	0	0	0	0	0	0	0	0	0	0	940069	0
LFQ	166	0	0	0	0	0	0	0	0	0	0	0	27802	0	0	0	0	0	0	0	0	0	0	0	0	0	61930	0	0	0	0	0	0	0	0	0	0	0	941666	0
LFQ	167	0	0	0	0	0	0	0	0	0	0	0	32304	0	0	0	0	0	0	0	0	0	0	0	0	0	67937	0	0	0	0	0	0	0	0	0	0	0	929584	0
LFQ	168	0	0	0	0	0	0	0	0	0	0	0	35094	0	0	0	0	0	0	0	0	0	0	0	0	0	72620	0	0	0	0	0	0	0	0	0	0	0	920477	0
LFQ	169	0	0	0	0	0	0	0	0	0	0	0	33479	0	0	0	0	0	0	0	0	0	0	0	0	0	70455	0	0	0	0	0	0	0	0	0	0	0	922466	0
LFQ	170	0	0	0	0	0	0	0	0	0	0	0	32054	0	0	0	0	0	0	0	0	0	0	0	0	0	66165	0	0	0	0	0	0	0	0	0	0	0	926398	0
LFQ	171	0	0	0	0	0	0	0	0	0	0	0	32604	0	0	0	0	0	0	0	0	0	0	0	0	0	68201	0	0	0	0	0	0	0	0	0	0	0	921948	0
LFQ	172	0	0	0	0	0	0	0	0	0	0	0	31518	0	0	0	0	0	0	0	0	0	0	0	0	0	66292	0	0	0	0	0	0	0	0	0	0	0	923085	0
LFQ	173	0	0	0	0	0	0	0	0	0	0	0	28402	0	0	0	0	0	0	0	0	0	0	0	0	0	63342	0	0	0	0	0	0	0	0	0	0	0	927173	0
LFQ	174	0	0	0	0	0	0	0	0	0	0	0	30393	0	0	0	0	0	0	0	0	0	0	0	0	0	66386	0	0	0	0	0	0	0	0	0	0	0	920087	0
LFQ	175	0	0	0	0	0	0	0	0	0	0	0	35093	0	0	0	0	0	0	0	0	0	0	0	0	0	72007	0	0	0	0	0	0	0	0	0	0	0	907653	0
LFQ	176	0	0	0	0	0	0	0	0	0	0	0	34312	0	0	0	0	0	0	0	0	0	0	0	0	0	71188	0	0	0	0	0	0	0	0	0	0	0	907041	0
LFQ	177	0	0	0	0	0	0	0	0	0	0	0	30784	0	0	0	0	0	0	0	0	0	0	0	0	0	67351	0	0	0	0	0	0	0	0	0	0	0	912124	0
LFQ	178	0	0	0	0	0	0	0	0	0	0	0	32027	0	0	0	0	0	0	0	0	0	0	0	0	0	69528	0	0	0	0	0	0	0	0	0	0	0	906262	0
LFQ	179	0	0	0	0	0	0	0	0	0	0	0	38069	0	0	0	0	0	0	0	0	0	0	0	0	0	74726	0	0	0	0	0	0	0	0	0	0	0	892484	0
LFQ	180	0	0	0	0	0	0	0	0	0	0	0	38108	0	0	0	0	0	0	0	0	0	0	0	0	0	73090	0	0	0	0	0	0	0	0	0	0	0	891419	0
LFQ	181	0	0	0	0	0	0	0	0	0	0	0	37098	0	0	0	0	0	0	0	0	0	0	0	0	0	71063	0	0	0	0	0	0	0	0	0	0	0	891843	0
LFQ	182	0	0	0	0	0	0	0	0	0	0	0	34015	0	0	0	0	0	0	0	0	0	0	0	0	0	69423	0	0	0	0	0	0	0	0	0	0	0	893842	0
LFQ	183	0	0	0	0	0	0	0	0	0	0	0	38542	0	0	0	0	0	0	0	0	0	0	0	0	0	72629	0	0	0	0	0	0	0	0	0	0	0	883289	0
LFQ	184	0	0	0	0	0	0	0	0	0	0	0	36776	0	0	0	0	0	0	0	0	0	0	0	0	0	71409	0	0	0	0	0	0	0	0	0	0	0	883401	0
LFQ	185	0	0	0	0	0	0	0	0	0	0	0	34744	0	0	0	0	0	0	0	0	0	0	0	0	0	71000	0	0	0	0	0	0	0	0	0	0	0	882824	0
LFQ	186	0	0	0	0	0	0	0	0	0	0	0	35030	0	0	0	0	0	0	0	0	0	0	0	0	0	72306	0	0	0	0	0	0	0	0	0	0	0	878212	0
LFQ	187	0	0	0	0	0	0	0	0	0	0	0	34301	0	0	0	0	0	0	0	0	0	0	0	0	0	71929	0	0	0	0	0	0	0	0	0	0	0	876154	0
LFQ	188	0	0	0	0	0	0	0	0	0	0	0	33218	0	0	0	0	0	0	0	0	0	0	0	0	0	71254	0	0	0	0	0	0	0	0	0	0	0	874530	0
LFQ	189	0	0	0	0	0	0	0	0	0	0	0	33625	0	0	0	0	0	0	0	0	0	0	0	0	0	71972	0	0	0	0	0	0	0	0	0	0	0	870000	0
LFQ	190	0	0	0	0	0	0	0	0	0	0	0	43148	0	0	0	0	0	0	0	0	0	0	0	0	0	80308	0	0	0	0	0	0	0	0	0	0	0	848511	0
LFQ	191	0	0	0	0	0	0	0	0	0	0	0	45038	0	0	0	0	0	0	0	0	0	0	0	0	0	82039	0	0	0	0	0	0	0	0	0	0	0	841321	0
LFQ	192	0	0	0	0	0	0	0	0	0	0	0	41962	0	0	0	0	0	0	0	0	0	0	0	0	0	78231	0	0	0	0	0	0	0	0	0	0	0	844537	0
LFQ	193	0	0	0	0	0	0	0	0	0	0	0	39224	0	0	0	0	0	0	0	0	0	0	0	0	0	75104	0	0	0	0	0	0	0	0	0	0	0	846526	0
LFQ	194	0	0	0	0	0	0	0	0	0	0	0	38272	0	0	0	0	0	0	0	0	0	0	0	0	0	75075	0	0	0	0	0	0	0	0	0	0	0	843592	0
LFQ	195	0	0	0	0	0	0	0	0	0	0	0	35275	0	0	0	0	0	0	0	0	0	0	0	0	0	73009	0	0	0	0	0	0	0	0	0	0	0	844574	0
LFQ	196	0	0	0	0	0	0	0	0	0	0	0	33303	0	0	0	0	0	0	0	0	0	0	0	0	0	71014	0	0	0	0	0	0	0	0	0	0	0	844475	0
LFQ	197	0	0	0	0	0	0	0	0	0	0	0	39020	0	0	0	0	0	0	0	0	0	0	0	0	0	76476	0	0	0	0	0	0	0	0	0	0	0	829171	0
LFQ	198	0	0	0	0	0	0	0	0	0	0	0	41755	0	0	0	0	0	0	0	0	0	0	0	0	0	77668	0	0	0	0	0	0	0	0	0	0	0	820873	0
LFQ	199	0	0	0	0	0	0	0	0	0	0	0	39486	0	0	0	0	0	0	0	0	0	0	0	0	0	75581	0	0	0	0	0	0	0	0	0	0	0	820794	0
LFQ	200	0	0	0	0	0	0	0	0	0	0	0	44126	0	0	0	0	0	0	0	0	0	0	0	0	0	80970	0	0	0	0	0	0	0	0	0	0	0	806102	0
LFQ	201	0	0	0	0	0	0	0	0	0	0	0	50175	0	0	0	0	0	0	0	0	0	0	0	0	0	87777	0	0	0	0	0	0	0	0	0	0	0	788519	0
LFQ	202	0	0	0	0	0	0	0	0	0	0	0	50733	0	0	0	0	0	0	0	0	0	0	0	0	0	88200	0	0	0	0	0	0	0	0	0	0	0	782501	0
LFQ	203	0	0	0	0	0	0	0	0	0	0	0	53113	0	0	0	0	0	0	0	0	0	0	0	0	0	93387	0	0	0	0	0	0	0	0	0	0	0	769764	0
LFQ	204	0	0	0	0	0	0	0	0	0	0	0	53216	0	0	0	0	0	0	0	0	0	0	0	0	0	94503	0	0	0	0	0	0	0	0	0	0	0	763273	0
LFQ	205	0	0	0	0	0	0	0	0	0	0	0	59918	0	0	0	0	0	0	0	0	0	0	0	0	0	98841	0	0	0	0	0	0	0	0	0	0	0	746834	0
LFQ	206	0	0	0	0	0	0	0	0	0	0	0	56444	0	0	0	0	0	0	0	0	0	0	0	0	0	97074	0	0	0	0	0	0	0	0	0	0	0	746539	0
LFQ	207	0	0	0	0	0	0	0	0	0	0	0	57675	0	0	0	0	0	0	0	0	0	0	0	0	0	97384	0	0	0	0	0	0	0	0	0	0	0	739353	0
LFQ	208	0	0	0	0	0	0	0	0	0	0	0	64250	0	0	0	0	0	0	0	0	0	0	0	0	0	101993	0	0	0	0	0	0	0	0	0	0	0	722331	0
LFQ	209	0	0	0	0	0	0	0	0	0	0	0	64056	0	0	0	0	0	0	0	0	0	0	0	0	0	102316	0	0	0	0	0	0	0	0	0	0	0	716478	0
LFQ	210	0	0	0	0	0	0	0	0	0	0	0	53648	0	0	0	0	0	0	0	0	0	0	0	0	0	94918	0	0	0	0	0	0	0	0	0	0	0	728475	0
LFQ	211	0	0	0	0	0	0	0	0	0	0	0	43353	0	0	0	0	0	0	0	0	0	0	0	0	0	84714	0	0	0	0	0	0	0	0	0	0	0	743369	0
LFQ	212	0	0	0	0	0	0	0	0	0	0	0	45676	0	0	0	0	0	0	0	0	0	0	0	0	0	86479	0	0	0	0	0	0	0	0	0	0	0	733379	0
LFQ	213	0	0	0	0	0	0	0	0	0	0	0	49837	0	0	0	0	0	0	0	0	0	0	0	0	0	87730	0	0	0	0	0	0	0	0	0	0	0	722058	0
LFQ	214	0	0	0	0	0	0	0	0	0	0	0	52490	0	0	0	0	0	0	0	0	0	0	0	0	0	89815	0	0	0	0	0	0	0	0	0	0	0	711220	0
LFQ	215	0	0	0	0	0	0	0	0	0	0	0	55015	0	0	0	0	0	0	0	0	0	0	0	0	0	90146	0	0	0	0	0	0	0	0	0	0	0	702172	0
LFQ	216	0	0	0	0	0	0	0	0	0	0	0	57222	0	0	0	0	0	0	0	0	0	0	0	0	0	94509	0	0	0	0	0	0	0	0	0	0	0	689504	0
LFQ	217	0	0	0	0	0	0	0	0	0	0	0	49781	0	0	0	0	0	0	0	0	0	0	0	0	0	86675	0	0	0	0	0	0	0	0	0	0	0	698547	0
LFQ	218	0	0	0	0	0	0	0	0	0	0	0	51172	0	0	0	0	0	0	0	0	0	0	0	0	0	86934	0	0	0	0	0	0	0	0	0	0	0	690529	0
LFQ	219	0	0	0	0	0	0	0	0	0	0	0	59473	0	0	0	0	0	0	0	0	0	0	0	0	0	95060	0	0	0	0	0	0	0	0	0	0	0	667688	0
LFQ	220	0	0	0	0	0	0	0	0	0	0	0	52195	0	0	0	0	0	0	0	0	0	0	0	0	0	88087	0	0	0	0	0	0	0	0	0	0	0	675410	0
LFQ	221	0	0	0	0	0	0	0	0	0	0	0	42282	0	0	0	0	0	0	0	0	0	0	0	0	0	78949	0	0	0	0	0	0	0	0	0	0	0	687913	0
LFQ	222	0	0	0	0	0	0	0	0	0	0	0	45036	0	0	0	0	0	0	0	0	0	0	0	0	0	83391	0	0	0	0	0	0	0	0	0	0	0	674110	0
LFQ	223	0	0	0	0	0	0	0	0	0	0	0	54539	0	0	0	0	0	0	0	0	0	0	0	0	0	92803	0	0	0	0	0	0	0	0	0	0	0	648232	0
LFQ	224	0	0	0	0	0	0	0	0	0	0	0	63545	0	0	0	0	0	0	0	0	0	0	0	0	0	97156	0	0	0	0	0	0	0	0	0	0	0	627869	0
LFQ	225	0	0	0	0	0	0	0	0	0	0	0	63560	0	0	0	0	0	0	0	0	0	0	0	0	0	98457	0	0	0	0	0	0	0	0	0	0	0	619407	0
LFQ	226	0	0	0	0	0	0	0	0	0	0	0	70112	0	0	0	0	0	0	0	0	0	0	0	0	0	102881	0	0	0	0	0	0	0	0	0	0	0	601182	0
LFQ	227	0	0	0	0	0	0	0	0	0	0	0	71196	0	0	0	0	0	0	0	0	0	0	0	0	0	101869	0	0	0	0	0	0	0	0	0	0	0	593745	0
LFQ	228	0	0	0	0	0	0	0	0	0	0	0	63485	0	0	0	0	0	0	0	0	0	0	0	0	0	97361	0	0	0	0	0	0	0	0	0	0	0	598814	0
LFQ	229	0	0	0	0	0	0	0	0	0	0	0	61868	0	0	0	0	0	0	0	0	0	0	0	0	0	95271	0	0	0	0	0	0	0	0	0	0	0	595599	0
LFQ	230	0	0	0	0	0	0	0	0	0	0	0	50626	0	0	0	0	0	0	0	0	0	0	0	0	0	87251	0	0	0	0	0	0	0	0	0	0	0	607941	0
LFQ	231	0	0	0	0	0	0	0	0	0	0	0	39053	0	0	0	0	0	0	0	0	0	0	0	0	0	77322	0	0	0	0	0	0	0	0	0	0	0	622791	0
LFQ	232	0	0	0	0	0	0	0	0	0	0	0	47766	0	0	0	0	0	0	0	0	0	0	0	0	0	85898	0	0	0	0	0	0	0	0	0	0	0	598495	0
LFQ	233	0	0	0	0	0	0	0	0	0	0	0	58913	0	0	0	0	0	0	0	0	0	0	0	0	0	93022	0	0	0	0	0	0	0	0	0	0	0	573234	0
LFQ	234	0	0	0	0	0	0	0	0	0	0	0	52062	0	0	0	0	0	0	0	0	0	0	0	0	0	83820	0	0	0	0	0	0	0	0	0	0	0	582511	0
LFQ	235	0	0	0	0	0	0	0	0	0	0	0	49955	0	0	0	0	0	0	0	0	0	0	0	0	0	81314	0	0	0	0	0	0	0	0	0	0	0	580347	0
LFQ	236	0	0	0	0	0	0	0	0	0	0	0	44836	0	0	0	0	0	0	0	0	0	0	0	0	0	76571	0	0	0	0	0	0	0	0	0	0	0	583446	0
LFQ	237	0	0	0	0	0	0	0	0	0	0	0	43340	0	0	0	0	0	0	0	0	0	0	0	0	0	75669	0	0	0	0	0	0	0	0	0	0	0	579005	0
LFQ	238	0	0	0	0	0	0	0	0	0	0	0	42003	0	0	0	0	0	0	0	0	0	0	0	0	0	72952	0	0	0	0	0	0	0	0	0	0	0	576197	0
LFQ	239	0	0	0	0	0	0	0	0	0	0	0	49821	0	0	0	0	0	0	0	0	0	0	0	0	0	82131	0	0	0	0	0	0	0	0	0	0	0	552020	0
LFQ	240	0	0	0	0	0	0	0	0	0	0	0	56274	0	0	0	0	0	0	0	0	0	0	0	0	0	84308	0	0	0	0	0	0	0	0	0	0	0	536312	0
LFQ	241	0	0	0	0	0	0	0	0	0	0	0	49716	0	0	0	0	0	0	0	0	0	0	0	0	0	79337	0	0	0	0	0	0	0	0	0	0	0	540803	0
LFQ	242	0	0	0	0	0	0	0	0	0	0	0	43632	0	0	0	0	0	0	0	0	0	0	0	0	0	77454	0	0	0	0	0	0	0	0	0	0	0	541609	0
LFQ	243	0	0	0	0	0	0	0	0	0	0	0	55039	0	0	0	0	0	0	0	0	0	0	0	0	0	85569	0	0	0	0	0	0	0	0	0	0	0	514768	0
LFQ	244	0	0	0	0	0	0	0	0	0	0	0	55898	0	0	0	0	0	0	0	0	0	0	0	0	0	85953	0	0	0	0	0	0	0	0	0	0	0	506328	0
LFQ	245	0	0	0	0	0	0	0	0	0	0	0	55144	0	0	0	0	0	0	0	0	0	0	0	0	0	83098	0	0	0	0	0	0	0	0	0	0	0	502643	0
LFQ	246	0	0	0	0	0	0	0	0	0	0	0	44954	0	0	0	0	0	0	0	0	0	0	0	0	0	75203	0	0	0	0	0	0	0	0	0	0	0	513309	0
LFQ	247	0	0	0	0	0	0	0	0	0	0	0	45323	0	0	0	0	0	0	0	0	0	0	0	0	0	74300	0	0	0	0	0	0	0	0	0	0	0	506694	0
LFQ	248	0	0	0	0	0	0	0	0	0	0	0	47668	0	0	0	0	0	0	0	0	0	0	0	0	0	78232	0	0	0	0	0	0	0	0	0	0	0	493070	0
LFQ	249	0	0	0	0	0	0	0	0	0	0	0	45844	0	0	0	0	0	0	0	0	0	0	0	0	0	79866	0	0	0	0	0	0	0	0	0	0	0	480922	0
LFQ	250	0	0	0	0	0	0	0	0	0	0	0	0	0	0	0	0	0	0	0	0	0	0	0	0	0	80232	0	0	0	0	0	0	0	0	0	0	0	472214	0
# GC Content of first fragments. Use `grep ^GCF | cut -f 2-` to extract this part.
GCF	0.25	1
GCF	6.03	0
GCF	12.56	1
GCF	13.82	2
GCF	14.32	4
GCF	14.82	5
GCF	15.33	7
GCF	15.83	22
GCF	16.33	23
GCF	16.83	53
GCF	17.34	128
GCF	17.84	304
GCF	18.34	459
GCF	18.84	620
GCF	19.35	878
GCF	19.85	1498
GCF	20.35	1902
GCF	20.85	2203
GCF	21.36	2224
GCF	21.86	1804
GCF	22.36	1410
GCF	22.86	1069
GCF	23.37	801
GCF	23.87	571
GCF	24.37	381
GCF	24.87	326
GCF	25.38	398
GCF	25.88	495
GCF	26.38	506
GCF	26.88	599
GCF	27.39	735
GCF	27.89	841
GCF	28.39	1012
GCF	28.89	1117
GCF	29.40	1378
GCF	29.90	1585
GCF	30.40	1742
GCF	30.90	1953
GCF	31.41	2236
GCF	31.91	2466
GCF	32.41	2632
GCF	32.91	2750
GCF	33.42	2800
GCF	33.92	3045
GCF	34.42	3214
GCF	34.92	3305
GCF	35.43	3479
GCF	35.93	3622
GCF	36.43	3727
GCF	36.93	3978
GCF	37.44	4155
GCF	37.94	4355
GCF	38.44	4588
GCF	38.94	4802
GCF	39.45	5289
GCF	39.95	5567
GCF	40.45	5900
GCF	40.95	6386
GCF	41.46	6950
GCF	41.96	7378
GCF	42.46	7931
GCF	42.96	8803
GCF	43.47	9284
GCF	43.97	10171
GCF	44.47	10918
GCF	44.97	11997
GCF	45.48	12718
GCF	45.98	14109
GCF	46.48	15396
GCF	46.98	17107
GCF	47.49	18761
GCF	47.99	20183
GCF	48.49	22229
GCF	48.99	25049
GCF	49.50	26874
GCF	50.00	28770
GCF	50.50	30928
GCF	51.01	33631
GCF	51.51	34662
GCF	52.01	36325
GCF	52.51	36551
GCF	53.02	37391
GCF	53.52	37489
GCF	54.02	36692
GCF	54.52	35771
GCF	55.03	33593
GCF	55.53	31533
GCF	56.03	29495
GCF	56.53	26711
GCF	57.04	23013
GCF	57.54	20278
GCF	58.04	17715
GCF	58.54	15433
GCF	59.05	12504
GCF	59.55	10378
GCF	60.05	9021
GCF	60.55	6844
GCF	61.06	5626
GCF	61.56	4792
GCF	62.06	3938
GCF	62.56	2923
GCF	63.07	2616
GCF	63.57	2160
GCF	64.07	1755
GCF	64.57	1361
GCF	65.08	1088
GCF	65.58	833
GCF	66.08	653
GCF	66.58	420
GCF	67.09	338
GCF	67.59	303
GCF	68.09	242
GCF	68.59	208
GCF	69.10	182
GCF	69.60	181
GCF	70.10	132
GCF	70.60	117
GCF	71.11	84
GCF	71.61	75
GCF	72.11	79
GCF	72.61	51
GCF	73.12	47
GCF	73.62	48
GCF	74.12	47
GCF	74.62	35
GCF	75.38	29
GCF	76.13	20
GCF	76.63	13
GCF	77.14	14
GCF	77.64	10
GCF	78.14	6
GCF	78.64	4
GCF	79.15	2
GCF	79.65	3
GCF	80.40	1
GCF	81.41	3
GCF	82.16	1
GCF	88.94	0
GCF	96.23	1
# GC Content of last fragments. Use `grep ^GCL | cut -f 2-` to extract this part.
GCL	0.25	2
GCL	0.75	3
GCL	1.26	5
GCL	1.76	4
GCL	2.26	6
GCL	2.76	4
GCL	3.27	3
GCL	3.77	8
GCL	4.27	7
GCL	4.77	9
GCL	5.28	4
GCL	5.78	5
GCL	6.28	6
GCL	6.78	9
GCL	7.29	6
GCL	8.04	7
GCL	8.79	10
GCL	9.30	5
GCL	9.80	8
GCL	10.30	7
GCL	10.80	8
GCL	11.31	9
GCL	11.81	7
GCL	12.31	5
GCL	12.81	7
GCL	13.32	6
GCL	13.82	11
GCL	14.32	10
GCL	14.82	16
GCL	15.33	18
GCL	15.83	27
GCL	16.33	34
GCL	16.83	69
GCL	17.34	139
GCL	17.84	319
GCL	18.34	527
GCL	18.84	723
GCL	19.35	1054
GCL	19.85	1621
GCL	20.35	2033
GCL	20.85	2324
GCL	21.36	2229
GCL	21.86	1664
GCL	22.36	1235
GCL	22.86	940
GCL	23.37	694
GCL	23.87	518
GCL	24.37	411
GCL	24.87	354
GCL	25.38	353
GCL	25.88	391
GCL	26.38	525
GCL	26.88	625
GCL	27.39	796
GCL	27.89	867
GCL	28.39	1037
GCL	28.89	1173
GCL	29.40	1362
GCL	29.90	1690
GCL	30.40	1856
GCL	30.90	1884
GCL	31.41	2210
GCL	31.91	2437
GCL	32.41	2514
GCL	32.91	2870
GCL	33.42	2910
GCL	33.92	3020
GCL	34.42	3194
GCL	34.92	3324
GCL	35.43	3576
GCL	35.93	3658
GCL	36.43	3780
GCL	36.93	3982
GCL	37.44	4181
GCL	37.94	4392
GCL	38.44	4733
GCL	38.94	4931
GCL	39.45	5278
GCL	39.95	5577
GCL	40.45	5976
GCL	40.95	6639
GCL	41.46	7125
GCL	41.96	7575
GCL	42.46	7965
GCL	42.96	8801
GCL	43.47	9471
GCL	43.97	10143
GCL	44.47	11082
GCL	44.97	12203
GCL	45.48	12997
GCL	45.98	14126
GCL	46.48	15628
GCL	46.98	17382
GCL	47.49	18947
GCL	47.99	20629
GCL	48.49	22696
GCL	48.99	25222
GCL	49.50	27128
GCL	50.00	29132
GCL	50.50	30778
GCL	51.01	33650
GCL	51.51	35104
GCL	52.01	36559
GCL	52.51	37193
GCL	53.02	37799
GCL	53.52	37781
GCL	54.02	37294
GCL	54.52	35917
GCL	55.03	33801
GCL	55.53	31746
GCL	56.03	29542
GCL	56.53	27344
GCL	57.04	23302
GCL	57.54	20609
GCL	58.04	18025
GCL	58.54	16018
GCL	59.05	12773
GCL	59.55	10746
GCL	60.05	9167
GCL	60.55	7337
GCL	61.06	5882
GCL	61.56	4772
GCL	62.06	4027
GCL	62.56	3160
GCL	63.07	2710
GCL	63.57	2176
GCL	64.07	1818
GCL	64.57	1400
GCL	65.08	1118
GCL	65.58	861
GCL	66.08	731
GCL	66.58	494
GCL	67.09	355
GCL	67.59	338
GCL	68.09	288
GCL	68.59	234
GCL	69.10	208
GCL	69.60	209
GCL	70.10	177
GCL	70.60	118
GCL	71.11	114
GCL	71.61	76
GCL	72.11	91
GCL	72.61	70
GCL	73.12	51
GCL	73.62	47
GCL	74.12	40
GCL	74.62	41
GCL	75.13	31
GCL	75.63	33
GCL	76.13	16
GCL	76.63	8
GCL	77.14	11
GCL	77.64	6
GCL	78.14	9
GCL	78.64	5
GCL	79.15	4
GCL	79.65	8
GCL	80.40	2
GCL	81.16	3
GCL	82.41	2
GCL	83.67	3
GCL	84.17	2
GCL	84.67	1
GCL	85.68	0
GCL	86.68	1
GCL	88.94	0
GCL	91.21	1
GCL	92.21	0
GCL	93.22	2
GCL	93.97	3
GCL	94.72	2
GCL	95.48	3
GCL	96.23	6
GCL	96.73	7
GCL	97.24	8
GCL	97.99	9
GCL	98.74	15
GCL	99.25	23
GCL	99.75	24
# ACGT content per cycle. Use `grep ^GCC | cut -f 2-` to extract this part. The columns are: cycle; A,C,G,T base counts as a percentage of all A/C/G/T bases [%]; and N and O counts as a percentage of all A/C/G/T bases [%]
GCC	1	22.36	29.42	28.17	20.06	0.00	0.00
GCC	2	26.12	23.50	25.52	24.87	0.00	0.00
GCC	3	26.04	24.34	23.83	25.79	0.00	0.00
GCC	4	25.09	25.03	25.08	24.79	0.00	0.00
GCC	5	25.03	25.09	25.48	24.40	0.00	0.00
GCC	6	23.94	26.00	25.81	24.26	0.00	0.00
GCC	7	24.31	25.69	26.16	23.85	0.00	0.00
GCC	8	24.28	25.52	25.26	24.95	0.00	0.00
GCC	9	24.30	25.57	25.46	24.67	0.00	0.00
GCC	10	24.38	25.45	25.54	24.63	0.00	0.00
GCC	11	24.88	25.20	25.38	24.54	0.00	0.00
GCC	12	24.58	25.46	25.28	24.68	0.00	0.00
GCC	13	24.87	25.29	25.42	24.42	0.00	0.00
GCC	14	24.97	25.06	25.12	24.85	0.00	0.00
GCC	15	24.80	25.31	25.20	24.68	0.00	0.00
GCC	16	24.58	25.38	25.43	24.61	0.00	0.00
GCC	17	24.91	25.13	25.19	24.78	0.00	0.00
GCC	18	24.50	25.46	25.24	24.80	0.00	0.00
GCC	19	24.62	25.43	25.41	24.54	0.00	0.00
GCC	20	24.75	25.12	25.22	24.92	0.00	0.00
GCC	21	24.75	25.31	25.22	24.72	0.00	0.00
GCC	22	24.63	25.41	25.38	24.59	0.00	0.00
GCC	23	24.98	25.11	25.16	24.75	0.00	0.00
GCC	24	24.71	25.29	25.24	24.77	0.00	0.00
GCC	25	24.76	25.40	25.37	24.47	0.00	0.00
GCC	26	24.91	25.13	25.14	24.81	0.00	0.00
GCC	27	24.71	25.33	25.27	24.69	0.00	0.00
GCC	28	24.61	25.38	25.38	24.63	0.00	0.00
GCC	29	24.88	25.16	25.24	24.72	0.00	0.00
GCC	30	24.66	25.36	25.29	24.69	0.00	0.00
GCC	31	24.68	25.48	25.43	24.41	0.00	0.00
GCC	32	24.82	25.26	25.23	24.70	0.00	0.00
GCC	33	24.67	25.48	25.32	24.53	0.00	0.00
GCC	34	24.55	25.43	25.49	24.53	0.00	0.00
GCC	35	24.88	25.16	25.28	24.68	0.00	0.00
GCC	36	24.57	25.43	25.35	24.65	0.00	0.00
GCC	37	24.61	25.50	25.49	24.41	0.00	0.00
GCC	38	24.75	25.20	25.30	24.75	0.00	0.00
GCC	39	24.54	25.48	25.40	24.57	0.00	0.00
GCC	40	24.53	25.51	25.47	24.49	0.00	0.00
GCC	41	24.80	25.34	25.26	24.59	0.00	0.00
GCC	42	24.57	25.50	25.33	24.60	0.00	0.00
GCC	43	24.55	25.49	25.52	24.44	0.00	0.00
GCC	44	24.71	25.27	25.26	24.76	0.00	0.00
GCC	45	24.57	25.52	25.42	24.49	0.00	0.00
GCC	46	24.52	25.47	25.54	24.48	0.00	0.00
GCC	47	24.80	25.26	25.29	24.65	0.00	0.00
GCC	48	24.57	25.44	25.41	24.58	0.00	0.00
GCC	49	24.55	25.57	25.58	24.30	0.00	0.00
GCC	50	24.74	25.27	25.31	24.68	0.00	0.00
GCC	51	24.59	25.59	25.34	24.48	0.00	0.00
GCC	52	24.53	25.54	25.50	24.44	0.00	0.00
GCC	53	24.79	25.23	25.28	24.70	0.00	0.00
GCC	54	24.54	25.49	25.35	24.62	0.00	0.00
GCC	55	24.54	25.57	25.53	24.36	0.00	0.00
GCC	56	24.67	25.32	25.38	24.64	0.00	0.00
GCC	57	24.58	25.45	25.44	24.52	0.00	0.00
GCC	58	24.51	25.50	25.57	24.42	0.00	0.00
GCC	59	24.77	25.32	25.31	24.60	0.00	0.00
GCC	60	24.55	25.51	25.39	24.54	0.00	0.00
GCC	61	24.55	25.58	25.57	24.29	0.00	0.00
GCC	62	24.75	25.36	25.29	24.60	0.00	0.00
GCC	63	24.51	25.51	25.45	24.53	0.00	0.00
GCC	64	24.54	25.54	25.52	24.40	0.00	0.00
GCC	65	24.73	25.30	25.34	24.64	0.00	0.00
GCC	66	24.47	25.56	25.45	24.53	0.00	0.00
GCC	67	24.51	25.58	25.55	24.36	0.00	0.00
GCC	68	24.69	25.33	25.36	24.62	0.00	0.00
GCC	69	24.51	25.51	25.43	24.54	0.00	0.00
GCC	70	24.51	25.58	25.59	24.33	0.00	0.00
GCC	71	24.75	25.38	25.31	24.56	0.00	0.00
GCC	72	24.44	25.52	25.49	24.56	0.00	0.00
GCC	73	24.54	25.49	25.59	24.38	0.00	0.00
GCC	74	24.72	25.35	25.29	24.64	0.00	0.00
GCC	75	24.55	25.51	25.50	24.44	0.00	0.00
GCC	76	24.47	25.58	25.56	24.39	0.00	0.00
GCC	77	24.69	25.35	25.37	24.58	0.00	0.00
GCC	78	24.52	25.52	25.49	24.47	0.00	0.00
GCC	79	24.52	25.54	25.66	24.29	0.00	0.00
GCC	80	24.74	25.29	25.36	24.61	0.00	0.00
GCC	81	24.53	25.55	25.45	24.47	0.00	0.00
GCC	82	24.52	25.58	25.51	24.39	0.00	0.00
GCC	83	24.74	25.31	25.36	24.59	0.00	0.00
GCC	84	24.51	25.51	25.43	24.55	0.00	0.00
GCC	85	24.56	25.50	25.55	24.39	0.00	0.00
GCC	86	24.71	25.33	25.37	24.58	0.00	0.00
GCC	87	24.52	25.47	25.45	24.56	0.00	0.00
GCC	88	24.50	25.61	25.51	24.38	0.00	0.00
GCC	89	24.74	25.32	25.32	24.61	0.00	0.00
GCC	90	24.48	25.51	25.48	24.52	0.00	0.00
GCC	91	24.44	25.59	25.60	24.36	0.00	0.00
GCC	92	24.73	25.32	25.32	24.63	0.00	0.00
GCC	93	24.56	25.56	25.41	24.47	0.00	0.00
GCC	94	24.56	25.56	25.49	24.38	0.00	0.00
GCC	95	24.77	25.27	25.28	24.68	0.00	0.00
GCC	96	24.49	25.54	25.49	24.49	0.00	0.00
GCC	97	24.54	25.54	25.55	24.37	0.00	0.00
GCC	98	24.75	25.28	25.31	24.67	0.00	0.00
GCC	99	24.52	25.53	25.41	24.55	0.00	0.00
GCC	100	24.53	25.58	25.54	24.35	0.00	0.00
GCC	101	24.68	25.34	25.46	24.52	0.00	0.00
GCC	102	24.55	25.52	25.43	24.50	0.00	0.00
GCC	103	24.51	25.53	25.60	24.36	0.00	0.00
GCC	104	24.68	25.32	25.31	24.68	0.00	0.00
GCC	105	24.53	25.52	25.43	24.52	0.00	0.00
GCC	106	24.46	25.55	25.65	24.34	0.00	0.00
GCC	107	24.77	25.24	25.26	24.73	0.00	0.00
GCC	108	24.58	25.48	25.44	24.50	0.00	0.00
GCC	109	24.48	25.60	25.61	24.30	0.00	0.00
GCC	110	24.72	25.34	25.28	24.65	0.00	0.00
GCC	111	24.54	25.50	25.41	24.56	0.00	0.00
GCC	112	24.45	25.57	25.58	24.40	0.00	0.00
GCC	113	24.89	25.20	25.06	24.85	0.00	0.00
GCC	114	24.62	25.42	25.35	24.61	0.00	0.00
GCC	115	24.54	25.50	25.49	24.47	0.00	0.00
GCC	116	24.74	25.33	25.31	24.62	0.00	0.00
GCC	117	24.63	25.40	25.44	24.53	0.00	0.00
GCC	118	24.59	25.51	25.44	24.46	0.00	0.00
GCC	119	24.77	25.21	25.32	24.69	0.00	0.00
GCC	120	24.65	25.47	25.35	24.53	0.00	0.00
GCC	121	24.73	25.50	25.35	24.42	0.00	0.00
GCC	122	24.70	25.29	25.43	24.58	0.00	0.00
GCC	123	24.53	25.52	25.40	24.55	0.00	0.00
GCC	124	24.55	25.53	25.58	24.34	0.00	0.00
GCC	125	24.77	25.32	25.27	24.64	0.00	0.00
GCC	126	24.55	25.49	25.46	24.50	0.00	0.00
GCC	127	24.52	25.54	25.60	24.34	0.00	0.00
GCC	128	24.69	25.36	25.32	24.63	0.00	0.00
GCC	129	24.56	25.51	25.41	24.52	0.00	0.00
GCC	130	24.49	25.52	25.60	24.39	0.00	0.00
GCC	131	24.71	25.32	25.39	24.58	0.00	0.00
GCC	132	24.56	25.53	25.41	24.49	0.00	0.00
GCC	133	24.49	25.58	25.52	24.41	0.00	0.00
GCC	134	24.72	25.30	25.34	24.64	0.00	0.00
GCC	135	24.55	25.53	25.40	24.52	0.00	0.00
GCC	136	24.50	25.57	25.61	24.32	0.00	0.00
GCC	137	24.73	25.32	25.34	24.60	0.00	0.00
GCC	138	24.53	25.51	25.41	24.55	0.00	0.00
GCC	139	24.54	25.51	25.56	24.39	0.00	0.00
GCC	140	24.66	25.36	25.38	24.60	0.00	0.00
GCC	141	24.56	25.57	25.38	24.49	0.00	0.00
GCC	142	24.49	25.55	25.58	24.39	0.00	0.00
GCC	143	24.72	25.31	25.39	24.58	0.00	0.00
GCC	144	24.58	25.45	25.48	24.48	0.00	0.00
GCC	145	24.54	25.49	25.63	24.34	0.00	0.00
GCC	146	24.71	25.37	25.32	24.59	0.00	0.00
GCC	147	24.53	25.54	25.45	24.48	0.00	0.00
GCC	148	24.48	25.47	25.65	24.39	0.00	0.00
GCC	149	24.69	25.39	25.33	24.59	0.00	0.00
GCC	150	24.54	25.52	25.50	24.44	0.00	0.00
GCC	151	24.51	25.54	25.60	24.34	0.00	0.00
GCC	152	24.71	25.36	25.31	24.62	0.00	0.00
GCC	153	24.57	25.45	25.42	24.56	0.00	0.00
GCC	154	24.52	25.54	25.57	24.38	0.00	0.00
GCC	155	24.72	25.31	25.37	24.60	0.00	0.00
GCC	156	24.53	25.53	25.44	24.51	0.00	0.00
GCC	157	24.51	25.53	25.60	24.36	0.00	0.00
GCC	158	24.70	25.30	25.43	24.57	0.00	0.00
GCC	159	24.51	25.52	25.41	24.56	0.00	0.00
GCC	160	24.51	25.57	25.56	24.36	0.00	0.00
GCC	161	24.71	25.33	25.40	24.56	0.00	0.00
GCC	162	24.52	25.56	25.45	24.47	0.00	0.00
GCC	163	24.54	25.56	25.50	24.41	0.00	0.00
GCC	164	24.65	25.39	25.37	24.59	0.00	0.00
GCC	165	24.54	25.48	25.47	24.52	0.00	0.00
GCC	166	24.52	25.57	25.52	24.38	0.00	0.00
GCC	167	24.68	25.32	25.34	24.66	0.00	0.00
GCC	168	24.50	25.59	25.40	24.51	0.00	0.00
GCC	169	24.50	25.53	25.55	24.42	0.00	0.00
GCC	170	24.73	25.26	25.36	24.65	0.00	0.00
GCC	171	24.55	25.43	25.45	24.57	0.00	0.00
GCC	172	24.48	25.53	25.59	24.39	0.00	0.00
GCC	173	24.73	25.35	25.28	24.63	0.00	0.00
GCC	174	24.55	25.48	25.46	24.51	0.00	0.00
GCC	175	24.56	25.47	25.54	24.44	0.00	0.00
GCC	176	24.75	25.34	25.31	24.60	0.00	0.00
GCC	177	24.52	25.53	25.38	24.56	0.00	0.00
GCC	178	24.54	25.53	25.56	24.36	0.00	0.00
GCC	179	24.67	25.37	25.32	24.63	0.00	0.00
GCC	180	24.52	25.53	25.44	24.51	0.00	0.00
GCC	181	24.54	25.49	25.51	24.45	0.00	0.00
GCC	182	24.69	25.37	25.31	24.63	0.00	0.00
GCC	183	24.63	25.47	25.40	24.50	0.00	0.00
GCC	184	24.48	25.50	25.55	24.47	0.00	0.00
GCC	185	24.73	25.33	25.31	24.63	0.00	0.00
GCC	186	24.56	25.45	25.45	24.55	0.00	0.00
GCC	187	24.54	25.47	25.55	24.44	0.00	0.00
GCC	188	24.67	25.39	25.38	24.56	0.00	0.00
GCC	189	24.50	25.45	25.51	24.54	0.00	0.00
GCC	190	24.53	25.57	25.52	24.38	0.00	0.00
GCC	191	24.75	25.30	25.32	24.63	0.00	0.00
GCC	192	24.60	25.44	25.45	24.51	0.00	0.00
GCC	193	24.59	25.47	25.56	24.38	0.00	0.00
GCC	194	24.71	25.30	25.33	24.65	0.00	0.00
GCC	195	24.54	25.46	25.44	24.56	0.00	0.00
GCC	196	24.58	25.52	25.50	24.40	0.00	0.00
GCC	197	24.73	25.30	25.31	24.66	0.00	0.00
GCC	198	24.56	25.51	25.35	24.59	0.00	0.00
GCC	199	24.57	25.44	25.52	24.47	0.00	0.00
GCC	200	24.72	25.36	25.27	24.64	0.00	0.00
GCC	201	24.60	25.45	25.40	24.55	0.00	0.00
GCC	202	24.55	25.50	25.50	24.45	0.00	0.00
GCC	203	24.80	25.19	25.25	24.76	0.00	0.00
GCC	204	24.64	25.37	25.31	24.68	0.00	0.00
GCC	205	24.70	25.34	25.38	24.58	0.00	0.00
GCC	206	24.82	25.17	25.25	24.77	0.00	0.00
GCC	207	24.68	25.38	25.29	24.65	0.00	0.00
GCC	208	24.67	25.39	25.37	24.57	0.00	0.00
GCC	209	24.91	25.13	25.18	24.77	0.00	0.00
GCC	210	24.61	25.41	25.34	24.64	0.00	0.00
GCC	211	24.59	25.45	25.44	24.52	0.00	0.00
GCC	212	24.81	25.23	25.20	24.76	0.00	0.00
GCC	213	24.63	25.48	25.23	24.66	0.00	0.00
GCC	214	24.60	25.42	25.44	24.54	0.00	0.00
GCC	215	24.80	25.18	25.21	24.80	0.00	0.00
GCC	216	24.69	25.36	25.30	24.65	0.00	0.00
GCC	217	24.63	25.45	25.43	24.49	0.00	0.00
GCC	218	24.85	25.20	25.20	24.75	0.00	0.00
GCC	219	24.64	25.45	25.27	24.65	0.00	0.00
GCC	220	24.63	25.39	25.42	24.56	0.00	0.00
GCC	221	24.82	25.22	25.24	24.72	0.00	0.00
GCC	222	24.57	25.41	25.39	24.63	0.00	0.00
GCC	223	24.67	25.35	25.37	24.61	0.00	0.00
GCC	224	24.85	25.24	25.14	24.78	0.00	0.00
GCC	225	24.71	25.38	25.24	24.67	0.00	0.00
GCC	226	24.68	25.34	25.37	24.61	0.00	0.00
GCC	227	24.89	25.19	25.10	24.82	0.00	0.00
GCC	228	24.66	25.42	25.32	24.61	0.00	0.00
GCC	229	24.66	25.44	25.33	24.57	0.00	0.00
GCC	230	24.80	25.23	25.31	24.65	0.00	0.00
GCC	231	24.66	25.46	25.35	24.54	0.00	0.00
GCC	232	24.61	25.46	25.36	24.57	0.00	0.00
GCC	233	24.87	25.17	25.22	24.74	0.00	0.00
GCC	234	24.66	25.38	25.35	24.62	0.00	0.00
GCC	235	24.65	25.37	25.43	24.54	0.00	0.00
GCC	236	24.80	25.22	25.33	24.64	0.00	0.00
GCC	237	24.70	25.41	25.32	24.56	0.00	0.00
GCC	238	24.57	25.51	25.47	24.45	0.00	0.00
GCC	239	24.81	25.28	25.26	24.65	0.00	0.00
GCC	240	24.60	25.48	25.39	24.53	0.00	0.00
GCC	241	24.63	25.47	25.43	24.48	0.00	0.00
GCC	242	24.73	25.28	25.31	24.69	0.00	0.00
GCC	243	24.79	25.23	25.25	24.73	0.00	0.00
GCC	244	24.63	25.40	25.47	24.51	0.00	0.00
GCC	245	24.78	25.21	25.25	24.75	0.00	0.00
GCC	246	24.58	25.42	25.39	24.61	0.00	0.00
GCC	247	24.68	25.35	25.33	24.64	0.00	0.00
GCC	248	24.84	25.11	25.29	24.76	0.00	0.00
GCC	249	24.52	25.55	25.35	24.58	0.00	0.00
GCC	250	24.68	25.44	25.08	24.80	0.00	0.00
# ACGT content per cycle, read oriented. Use `grep ^GCT | cut -f 2-` to extract this part. The columns are: cycle; A,C,G,T base counts as a percentage of all A/C/G/T bases [%]
GCT	1	25.28	31.08	26.51	17.14
GCT	2	27.90	19.79	29.23	23.09
GCT	3	25.88	25.75	22.42	25.95
GCT	4	25.47	24.64	25.48	24.41
GCT	5	25.60	24.46	26.10	23.84
GCT	6	23.43	26.28	25.52	24.76
GCT	7	24.68	24.90	26.94	23.48
GCT	8	23.35	25.92	24.86	25.87
GCT	9	23.21	25.78	25.25	25.76
GCT	10	24.05	25.15	25.83	24.96
GCT	11	25.08	25.01	25.58	24.34
GCT	12	24.34	25.55	25.18	24.93
GCT	13	24.98	25.18	25.52	24.32
GCT	14	25.00	25.03	25.15	24.82
GCT	15	24.60	25.44	25.07	24.88
GCT	16	24.41	25.30	25.51	24.78
GCT	17	24.72	25.09	25.22	24.97
GCT	18	24.06	25.70	24.99	25.24
GCT	19	24.47	25.43	25.42	24.69
GCT	20	24.68	25.07	25.27	24.99
GCT	21	24.54	25.40	25.13	24.94
GCT	22	24.81	25.29	25.49	24.41
GCT	23	25.09	25.06	25.21	24.64
GCT	24	24.55	25.46	25.06	24.93
GCT	25	24.85	25.32	25.46	24.37
GCT	26	24.94	25.06	25.21	24.78
GCT	27	24.48	25.46	25.13	24.92
GCT	28	24.64	25.34	25.42	24.60
GCT	29	24.90	25.04	25.35	24.70
GCT	30	24.46	25.51	25.14	24.89
GCT	31	24.77	25.40	25.51	24.32
GCT	32	24.83	25.13	25.35	24.69
GCT	33	24.46	25.59	25.21	24.74
GCT	34	24.65	25.34	25.58	24.43
GCT	35	24.93	25.20	25.24	24.62
GCT	36	24.46	25.51	25.28	24.76
GCT	37	24.71	25.41	25.58	24.31
GCT	38	24.77	25.15	25.35	24.73
GCT	39	24.40	25.59	25.30	24.72
GCT	40	24.59	25.42	25.55	24.44
GCT	41	24.81	25.23	25.38	24.58
GCT	42	24.41	25.62	25.22	24.76
GCT	43	24.64	25.44	25.58	24.34
GCT	44	24.75	25.18	25.35	24.72
GCT	45	24.43	25.61	25.32	24.63
GCT	46	24.57	25.42	25.59	24.42
GCT	47	24.87	25.18	25.38	24.57
GCT	48	24.34	25.56	25.29	24.80
GCT	49	24.56	25.52	25.63	24.29
GCT	50	24.79	25.20	25.39	24.63
GCT	51	24.44	25.65	25.28	24.63
GCT	52	24.57	25.50	25.54	24.39
GCT	53	24.86	25.15	25.36	24.63
GCT	54	24.37	25.60	25.24	24.79
GCT	55	24.61	25.49	25.61	24.28
GCT	56	24.71	25.30	25.39	24.59
GCT	57	24.47	25.58	25.32	24.63
GCT	58	24.57	25.44	25.64	24.35
GCT	59	24.78	25.21	25.42	24.59
GCT	60	24.36	25.66	25.25	24.74
GCT	61	24.59	25.52	25.63	24.26
GCT	62	24.79	25.26	25.40	24.55
GCT	63	24.41	25.61	25.35	24.63
GCT	64	24.61	25.50	25.56	24.33
GCT	65	24.79	25.24	25.39	24.58
GCT	66	24.34	25.68	25.33	24.66
GCT	67	24.58	25.52	25.62	24.28
GCT	68	24.77	25.22	25.47	24.54
GCT	69	24.40	25.62	25.33	24.66
GCT	70	24.55	25.50	25.66	24.29
GCT	71	24.78	25.26	25.43	24.53
GCT	72	24.35	25.66	25.35	24.65
GCT	73	24.64	25.47	25.61	24.28
GCT	74	24.81	25.25	25.39	24.54
GCT	75	24.40	25.62	25.39	24.59
GCT	76	24.57	25.52	25.62	24.29
GCT	77	24.75	25.24	25.48	24.52
GCT	78	24.38	25.65	25.35	24.61
GCT	79	24.58	25.51	25.68	24.22
GCT	80	24.75	25.24	25.41	24.60
GCT	81	24.39	25.67	25.33	24.61
GCT	82	24.60	25.51	25.59	24.30
GCT	83	24.76	25.23	25.43	24.58
GCT	84	24.36	25.65	25.29	24.70
GCT	85	24.66	25.41	25.64	24.29
GCT	86	24.78	25.27	25.43	24.52
GCT	87	24.40	25.61	25.31	24.67
GCT	88	24.57	25.46	25.66	24.31
GCT	89	24.74	25.27	25.37	24.61
GCT	90	24.32	25.66	25.34	24.68
GCT	91	24.57	25.51	25.69	24.24
GCT	92	24.82	25.25	25.39	24.54
GCT	93	24.39	25.62	25.35	24.64
GCT	94	24.62	25.49	25.57	24.32
GCT	95	24.83	25.25	25.30	24.62
GCT	96	24.33	25.64	25.38	24.64
GCT	97	24.67	25.46	25.63	24.24
GCT	98	24.75	25.22	25.36	24.67
GCT	99	24.39	25.67	25.26	24.68
GCT	100	24.53	25.54	25.58	24.35
GCT	101	24.71	25.29	25.52	24.48
GCT	102	24.37	25.66	25.29	24.68
GCT	103	24.52	25.52	25.61	24.35
GCT	104	24.73	25.27	25.36	24.63
GCT	105	24.35	25.70	25.26	24.69
GCT	106	24.57	25.46	25.74	24.23
GCT	107	24.75	25.27	25.24	24.75
GCT	108	24.40	25.66	25.26	24.69
GCT	109	24.54	25.55	25.66	24.25
GCT	110	24.77	25.36	25.26	24.61
GCT	111	24.46	25.61	25.29	24.64
GCT	112	24.52	25.51	25.64	24.33
GCT	113	24.83	25.20	25.05	24.92
GCT	114	24.50	25.54	25.22	24.74
GCT	115	24.57	25.49	25.50	24.44
GCT	116	24.79	25.30	25.34	24.56
GCT	117	24.49	25.51	25.33	24.67
GCT	118	24.64	25.44	25.51	24.41
GCT	119	24.79	25.24	25.30	24.67
GCT	120	24.54	25.58	25.24	24.64
GCT	121	24.88	25.45	25.40	24.28
GCT	122	24.76	25.26	25.46	24.52
GCT	123	24.41	25.58	25.34	24.68
GCT	124	24.62	25.42	25.68	24.27
GCT	125	24.81	25.19	25.40	24.60
GCT	126	24.42	25.58	25.37	24.63
GCT	127	24.55	25.44	25.70	24.31
GCT	128	24.76	25.28	25.40	24.56
GCT	129	24.42	25.57	25.35	24.66
GCT	130	24.60	25.45	25.67	24.29
GCT	131	24.77	25.31	25.40	24.52
GCT	132	24.39	25.60	25.34	24.66
GCT	133	24.60	25.49	25.61	24.30
GCT	134	24.81	25.21	25.43	24.55
GCT	135	24.42	25.60	25.34	24.65
GCT	136	24.60	25.52	25.66	24.22
GCT	137	24.80	25.22	25.45	24.53
GCT	138	24.42	25.59	25.33	24.66
GCT	139	24.61	25.40	25.67	24.32
GCT	140	24.79	25.27	25.47	24.47
GCT	141	24.38	25.62	25.33	24.67
GCT	142	24.58	25.47	25.65	24.29
GCT	143	24.77	25.27	25.43	24.53
GCT	144	24.42	25.56	25.38	24.64
GCT	145	24.61	25.45	25.66	24.27
GCT	146	24.79	25.27	25.42	24.52
GCT	147	24.38	25.66	25.33	24.64
GCT	148	24.58	25.44	25.69	24.29
GCT	149	24.73	25.32	25.40	24.55
GCT	150	24.39	25.64	25.37	24.59
GCT	151	24.63	25.46	25.68	24.23
GCT	152	24.79	25.24	25.43	24.54
GCT	153	24.38	25.54	25.33	24.75
GCT	154	24.56	25.46	25.65	24.34
GCT	155	24.79	25.25	25.43	24.54
GCT	156	24.38	25.57	25.40	24.65
GCT	157	24.53	25.49	25.64	24.33
GCT	158	24.74	25.25	25.48	24.52
GCT	159	24.42	25.58	25.35	24.65
GCT	160	24.59	25.50	25.63	24.28
GCT	161	24.74	25.28	25.44	24.53
GCT	162	24.41	25.65	25.36	24.58
GCT	163	24.58	25.48	25.57	24.37
GCT	164	24.65	25.31	25.45	24.59
GCT	165	24.37	25.62	25.33	24.69
GCT	166	24.54	25.48	25.62	24.36
GCT	167	24.73	25.20	25.46	24.61
GCT	168	24.38	25.63	25.36	24.63
GCT	169	24.62	25.49	25.59	24.30
GCT	170	24.79	25.21	25.41	24.59
GCT	171	24.42	25.51	25.37	24.70
GCT	172	24.58	25.49	25.63	24.30
GCT	173	24.77	25.26	25.38	24.59
GCT	174	24.40	25.58	25.35	24.67
GCT	175	24.65	25.40	25.60	24.34
GCT	176	24.78	25.24	25.40	24.58
GCT	177	24.43	25.57	25.35	24.66
GCT	178	24.58	25.47	25.63	24.32
GCT	179	24.73	25.27	25.42	24.57
GCT	180	24.34	25.57	25.40	24.70
GCT	181	24.60	25.41	25.60	24.39
GCT	182	24.79	25.22	25.46	24.53
GCT	183	24.46	25.54	25.33	24.67
GCT	184	24.57	25.44	25.61	24.38
GCT	185	24.72	25.22	25.42	24.64
GCT	186	24.37	25.62	25.27	24.74
GCT	187	24.59	25.42	25.60	24.39
GCT	188	24.62	25.29	25.48	24.61
GCT	189	24.40	25.57	25.39	24.63
GCT	190	24.60	25.46	25.63	24.31
GCT	191	24.79	25.26	25.36	24.59
GCT	192	24.50	25.55	25.34	24.61
GCT	193	24.66	25.40	25.63	24.31
GCT	194	24.76	25.26	25.38	24.60
GCT	195	24.39	25.59	25.31	24.71
GCT	196	24.60	25.48	25.54	24.38
GCT	197	24.74	25.24	25.38	24.64
GCT	198	24.42	25.52	25.33	24.72
GCT	199	24.65	25.41	25.55	24.39
GCT	200	24.74	25.24	25.39	24.63
GCT	201	24.45	25.55	25.29	24.70
GCT	202	24.59	25.43	25.57	24.41
GCT	203	24.85	25.15	25.29	24.71
GCT	204	24.49	25.47	25.20	24.84
GCT	205	24.69	25.37	25.35	24.59
GCT	206	24.83	25.18	25.24	24.75
GCT	207	24.46	25.53	25.14	24.87
GCT	208	24.63	25.39	25.37	24.61
GCT	209	24.89	25.20	25.12	24.79
GCT	210	24.42	25.58	25.17	24.83
GCT	211	24.58	25.43	25.46	24.53
GCT	212	24.83	25.25	25.18	24.74
GCT	213	24.47	25.55	25.16	24.82
GCT	214	24.63	25.38	25.48	24.51
GCT	215	24.85	25.15	25.24	24.75
GCT	216	24.54	25.50	25.16	24.80
GCT	217	24.65	25.39	25.49	24.47
GCT	218	24.85	25.12	25.28	24.75
GCT	219	24.49	25.53	25.18	24.80
GCT	220	24.64	25.37	25.44	24.55
GCT	221	24.85	25.20	25.26	24.69
GCT	222	24.45	25.55	25.25	24.75
GCT	223	24.74	25.30	25.42	24.53
GCT	224	24.84	25.19	25.18	24.79
GCT	225	24.54	25.45	25.17	24.84
GCT	226	24.68	25.37	25.34	24.61
GCT	227	24.84	25.22	25.07	24.87
GCT	228	24.41	25.61	25.12	24.85
GCT	229	24.70	25.45	25.33	24.52
GCT	230	24.78	25.23	25.32	24.68
GCT	231	24.40	25.55	25.26	24.79
GCT	232	24.62	25.42	25.40	24.56
GCT	233	24.78	25.10	25.29	24.83
GCT	234	24.50	25.48	25.24	24.78
GCT	235	24.64	25.34	25.47	24.56
GCT	236	24.72	25.21	25.34	24.73
GCT	237	24.46	25.52	25.21	24.81
GCT	238	24.60	25.44	25.54	24.43
GCT	239	24.80	25.21	25.32	24.66
GCT	240	24.47	25.52	25.35	24.65
GCT	241	24.65	25.40	25.50	24.45
GCT	242	24.73	25.26	25.33	24.68
GCT	243	24.54	25.37	25.11	24.98
GCT	244	24.65	25.30	25.57	24.48
GCT	245	24.78	25.15	25.31	24.76
GCT	246	24.42	25.53	25.27	24.78
GCT	247	24.74	25.28	25.40	24.58
GCT	248	24.79	25.17	25.23	24.81
GCT	249	24.35	25.77	25.13	24.75
GCT	250	24.37	26.16	24.36	25.11
# ACGT content per cycle for first fragments. Use `grep ^FBC | cut -f 2-` to extract this part. The columns are: cycle; A,C,G,T base counts as a percentage of all A/C/G/T bases [%]; and N and O counts as a percentage of all A/C/G/T bases [%]
FBC	1	24.53	27.21	26.90	21.37	0.00	0.00
FBC	2	26.19	23.31	25.28	25.22	0.01	0.00
FBC	3	26.00	24.28	23.66	26.05	0.00	0.00
FBC	4	25.20	24.85	24.84	25.11	0.00	0.00
FBC	5	25.07	24.99	25.38	24.57	0.00	0.00
FBC	6	24.18	25.71	25.60	24.52	0.00	0.00
FBC	7	24.51	25.42	25.95	24.11	0.00	0.00
FBC	8	24.44	25.41	25.06	25.09	0.00	0.00
FBC	9	24.36	25.47	25.31	24.85	0.00	0.00
FBC	10	24.37	25.45	25.46	24.71	0.00	0.00
FBC	11	24.87	25.14	25.38	24.62	0.00	0.00
FBC	12	24.60	25.40	25.16	24.83	0.00	0.00
FBC	13	24.86	25.29	25.35	24.50	0.00	0.00
FBC	14	24.99	24.97	25.12	24.92	0.00	0.00
FBC	15	24.85	25.27	25.11	24.77	0.00	0.00
FBC	16	24.60	25.30	25.35	24.75	0.00	0.00
FBC	17	24.96	25.09	25.12	24.83	0.00	0.00
FBC	18	24.59	25.40	25.12	24.89	0.00	0.00
FBC	19	24.66	25.32	25.43	24.59	0.00	0.00
FBC	20	24.79	25.09	25.20	24.92	0.00	0.00
FBC	21	24.78	25.29	25.16	24.78	0.00	0.00
FBC	22	24.60	25.41	25.38	24.61	0.00	0.00
FBC	23	25.01	25.10	25.14	24.75	0.00	0.00
FBC	24	24.72	25.22	25.21	24.85	0.00	0.00
FBC	25	24.78	25.35	25.39	24.48	0.00	0.00
FBC	26	24.94	25.13	25.03	24.90	0.00	0.00
FBC	27	24.69	25.31	25.23	24.78	0.00	0.00
FBC	28	24.62	25.39	25.39	24.60	0.00	0.00
FBC	29	24.90	25.16	25.17	24.77	0.00	0.00
FBC	30	24.70	25.32	25.20	24.78	0.00	0.00
FBC	31	24.66	25.51	25.43	24.40	0.00	0.00
FBC	32	24.82	25.22	25.23	24.73	0.00	0.00
FBC	33	24.67	25.51	25.18	24.65	0.00	0.00
FBC	34	24.54	25.43	25.48	24.56	0.00	0.00
FBC	35	24.91	25.12	25.23	24.74	0.00	0.00
FBC	36	24.54	25.34	25.30	24.82	0.00	0.00
FBC	37	24.61	25.47	25.47	24.45	0.00	0.00
FBC	38	24.80	25.13	25.27	24.79	0.00	0.00
FBC	39	24.63	25.42	25.29	24.66	0.00	0.00
FBC	40	24.51	25.52	25.50	24.47	0.00	0.00
FBC	41	24.84	25.33	25.22	24.61	0.00	0.00
FBC	42	24.60	25.48	25.28	24.64	0.00	0.00
FBC	43	24.49	25.48	25.56	24.47	0.00	0.00
FBC	44	24.70	25.23	25.22	24.84	0.00	0.00
FBC	45	24.61	25.48	25.32	24.58	0.00	0.00
FBC	46	24.52	25.44	25.55	24.48	0.00	0.00
FBC	47	24.77	25.22	25.30	24.71	0.00	0.00
FBC	48	24.56	25.44	25.37	24.62	0.00	0.00
FBC	49	24.55	25.57	25.51	24.38	0.00	0.00
FBC	50	24.76	25.24	25.33	24.67	0.00	0.00
FBC	51	24.60	25.57	25.29	24.55	0.00	0.00
FBC	52	24.54	25.50	25.49	24.47	0.01	0.00
FBC	53	24.77	25.23	25.32	24.68	0.00	0.00
FBC	54	24.53	25.46	25.31	24.70	0.00	0.00
FBC	55	24.58	25.57	25.50	24.35	0.00	0.00
FBC	56	24.69	25.31	25.35	24.65	0.00	0.00
FBC	57	24.56	25.41	25.42	24.60	0.00	0.00
FBC	58	24.49	25.48	25.62	24.41	0.00	0.00
FBC	59	24.75	25.30	25.25	24.70	0.00	0.00
FBC	60	24.57	25.45	25.36	24.62	0.00	0.00
FBC	61	24.55	25.53	25.56	24.37	0.00	0.00
FBC	62	24.80	25.38	25.20	24.63	0.00	0.00
FBC	63	24.54	25.43	25.39	24.64	0.00	0.00
FBC	64	24.56	25.53	25.52	24.39	0.00	0.00
FBC	65	24.76	25.22	25.33	24.68	0.00	0.00
FBC	66	24.48	25.53	25.43	24.56	0.00	0.00
FBC	67	24.49	25.52	25.55	24.44	0.00	0.00
FBC	68	24.75	25.32	25.27	24.67	0.00	0.00
FBC	69	24.54	25.49	25.37	24.59	0.00	0.00
FBC	70	24.51	25.48	25.61	24.39	0.00	0.00
FBC	71	24.79	25.37	25.23	24.61	0.00	0.00
FBC	72	24.49	25.52	25.37	24.63	0.00	0.00
FBC	73	24.53	25.47	25.62	24.39	0.00	0.00
FBC	74	24.71	25.29	25.26	24.74	0.00	0.00
FBC	75	24.57	25.43	25.49	24.50	0.00	0.00
FBC	76	24.44	25.56	25.54	24.46	0.00	0.00
FBC	77	24.69	25.36	25.29	24.66	0.00	0.00
FBC	78	24.57	25.50	25.44	24.50	0.00	0.00
FBC	79	24.49	25.45	25.65	24.41	0.00	0.00
FBC	80	24.70	25.31	25.33	24.66	0.00	0.00
FBC	81	24.58	25.47	25.37	24.58	0.00	0.00
FBC	82	24.49	25.58	25.50	24.44	0.00	0.00
FBC	83	24.72	25.37	25.36	24.55	0.00	0.00
FBC	84	24.55	25.46	25.41	24.59	0.00	0.00
FBC	85	24.54	25.49	25.55	24.42	0.00	0.00
FBC	86	24.70	25.25	25.40	24.65	0.00	0.00
FBC	87	24.52	25.48	25.45	24.55	0.00	0.00
FBC	88	24.45	25.64	25.51	24.40	0.00	0.00
FBC	89	24.75	25.24	25.35	24.66	0.00	0.00
FBC	90	24.49	25.51	25.43	24.57	0.00	0.00
FBC	91	24.38	25.58	25.60	24.44	0.00	0.00
FBC	92	24.75	25.25	25.34	24.66	0.00	0.00
FBC	93	24.63	25.52	25.29	24.55	0.00	0.00
FBC	94	24.50	25.61	25.51	24.38	0.00	0.00
FBC	95	24.76	25.20	25.21	24.83	0.00	0.00
FBC	96	24.50	25.47	25.49	24.54	0.00	0.00
FBC	97	24.47	25.56	25.55	24.42	0.00	0.00
FBC	98	24.78	25.27	25.22	24.73	0.00	0.00
FBC	99	24.59	25.44	25.36	24.61	0.00	0.00
FBC	100	24.53	25.61	25.54	24.32	0.00	0.00
FBC	101	24.64	25.25	25.53	24.59	0.00	0.00
FBC	102	24.56	25.49	25.37	24.58	0.00	0.00
FBC	103	24.47	25.54	25.60	24.39	0.00	0.00
FBC	104	24.63	25.28	25.38	24.70	0.00	0.00
FBC	105	24.55	25.47	25.33	24.65	0.00	0.00
FBC	106	24.50	25.56	25.61	24.33	0.00	0.00
FBC	107	24.74	25.28	25.28	24.70	0.00	0.00
FBC	108	24.55	25.46	25.39	24.60	0.00	0.00
FBC	109	24.44	25.62	25.64	24.29	0.00	0.00
FBC	110	24.77	25.32	25.23	24.68	0.00	0.00
FBC	111	24.49	25.50	25.42	24.58	0.00	0.00
FBC	112	24.47	25.50	25.60	24.43	0.00	0.00
FBC	113	24.81	25.25	25.15	24.79	0.00	0.00
FBC	114	24.56	25.41	25.37	24.66	0.00	0.00
FBC	115	24.42	25.56	25.66	24.37	0.00	0.00
FBC	116	24.76	25.28	25.31	24.65	0.00	0.00
FBC	117	24.56	25.48	25.45	24.51	0.00	0.00
FBC	118	24.52	25.59	25.50	24.39	0.00	0.00
FBC	119	24.61	25.28	25.48	24.63	0.00	0.00
FBC	120	24.60	25.52	25.32	24.56	0.00	0.00
FBC	121	24.68	25.53	25.27	24.52	0.00	0.00
FBC	122	24.60	25.36	25.49	24.55	0.00	0.00
FBC	123	24.41	25.56	25.46	24.57	0.00	0.00
FBC	124	24.48	25.60	25.65	24.26	0.00	0.00
FBC	125	24.69	25.36	25.33	24.62	0.00	0.00
FBC	126	24.49	25.52	25.43	24.56	0.00	0.00
FBC	127	24.47	25.51	25.65	24.36	0.00	0.00
FBC	128	24.68	25.39	25.32	24.60	0.00	0.00
FBC	129	24.59	25.54	25.38	24.50	0.00	0.00
FBC	130	24.43	25.56	25.67	24.35	0.00	0.00
FBC	131	24.65	25.35	25.44	24.57	0.00	0.00
FBC	132	24.52	25.55	25.39	24.53	0.00	0.00
FBC	133	24.43	25.66	25.50	24.41	0.00	0.00
FBC	134	24.73	25.27	25.38	24.62	0.00	0.00
FBC	135	24.52	25.49	25.38	24.62	0.00	0.00
FBC	136	24.42	25.61	25.66	24.31	0.00	0.00
FBC	137	24.72	25.39	25.31	24.58	0.00	0.00
FBC	138	24.51	25.51	25.40	24.58	0.00	0.00
FBC	139	24.52	25.55	25.54	24.39	0.00	0.00
FBC	140	24.63	25.36	25.40	24.61	0.00	0.00
FBC	141	24.56	25.56	25.34	24.54	0.00	0.00
FBC	142	24.42	25.57	25.61	24.40	0.00	0.00
FBC	143	24.67	25.34	25.42	24.57	0.00	0.00
FBC	144	24.55	25.44	25.49	24.53	0.00	0.00
FBC	145	24.43	25.55	25.67	24.35	0.00	0.00
FBC	146	24.71	25.40	25.32	24.57	0.00	0.00
FBC	147	24.54	25.56	25.44	24.45	0.00	0.00
FBC	148	24.46	25.50	25.63	24.40	0.00	0.00
FBC	149	24.70	25.42	25.29	24.59	0.00	0.00
FBC	150	24.50	25.56	25.51	24.44	0.00	0.00
FBC	151	24.41	25.57	25.65	24.37	0.00	0.00
FBC	152	24.69	25.39	25.33	24.60	0.00	0.00
FBC	153	24.54	25.54	25.42	24.50	0.00	0.00
FBC	154	24.51	25.62	25.54	24.34	0.00	0.00
FBC	155	24.67	25.33	25.40	24.60	0.00	0.00
FBC	156	24.52	25.56	25.42	24.51	0.00	0.00
FBC	157	24.48	25.58	25.61	24.33	0.00	0.00
FBC	158	24.70	25.27	25.43	24.60	0.00	0.00
FBC	159	24.42	25.58	25.40	24.59	0.00	0.00
FBC	160	24.47	25.53	25.59	24.41	0.00	0.00
FBC	161	24.62	25.43	25.42	24.53	0.00	0.00
FBC	162	24.48	25.59	25.45	24.48	0.00	0.00
FBC	163	24.49	25.64	25.52	24.35	0.00	0.00
FBC	164	24.58	25.46	25.39	24.58	0.00	0.00
FBC	165	24.46	25.50	25.48	24.56	0.00	0.00
FBC	166	24.46	25.63	25.54	24.36	0.00	0.00
FBC	167	24.61	25.42	25.29	24.68	0.00	0.00
FBC	168	24.43	25.64	25.38	24.54	0.00	0.00
FBC	169	24.47	25.58	25.52	24.42	0.00	0.00
FBC	170	24.68	25.30	25.36	24.67	0.00	0.00
FBC	171	24.53	25.45	25.49	24.53	0.00	0.00
FBC	172	24.45	25.58	25.61	24.36	0.00	0.00
FBC	173	24.66	25.40	25.27	24.66	0.00	0.00
FBC	174	24.55	25.48	25.43	24.54	0.00	0.00
FBC	175	24.49	25.51	25.60	24.40	0.00	0.00
FBC	176	24.64	25.41	25.34	24.62	0.00	0.00
FBC	177	24.47	25.60	25.39	24.54	0.00	0.00
FBC	178	24.51	25.58	25.59	24.33	0.00	0.00
FBC	179	24.58	25.44	25.36	24.63	0.00	0.00
FBC	180	24.45	25.54	25.41	24.60	0.00	0.00
FBC	181	24.41	25.51	25.63	24.45	0.00	0.00
FBC	182	24.60	25.43	25.33	24.64	0.00	0.00
FBC	183	24.56	25.56	25.43	24.45	0.00	0.00
FBC	184	24.40	25.54	25.56	24.50	0.00	0.00
FBC	185	24.63	25.38	25.35	24.65	0.00	0.00
FBC	186	24.53	25.44	25.43	24.60	0.00	0.00
FBC	187	24.46	25.53	25.55	24.46	0.00	0.00
FBC	188	24.61	25.42	25.41	24.57	0.00	0.00
FBC	189	24.50	25.50	25.44	24.55	0.00	0.00
FBC	190	24.45	25.67	25.50	24.38	0.00	0.00
FBC	191	24.66	25.38	25.34	24.63	0.00	0.00
FBC	192	24.57	25.47	25.45	24.52	0.00	0.00
FBC	193	24.48	25.51	25.63	24.38	0.00	0.00
FBC	194	24.63	25.34	25.36	24.67	0.00	0.00
FBC	195	24.45	25.52	25.45	24.58	0.00	0.00
FBC	196	24.53	25.54	25.54	24.39	0.00	0.00
FBC	197	24.61	25.35	25.33	24.70	0.00	0.00
FBC	198	24.45	25.58	25.37	24.61	0.00	0.00
FBC	199	24.47	25.48	25.57	24.48	0.00	0.00
FBC	200	24.68	25.37	25.33	24.62	0.00	0.00
FBC	201	24.50	25.54	25.44	24.52	0.00	0.00
FBC	202	24.53	25.50	25.54	24.43	0.00	0.00
FBC	203	24.71	25.25	25.36	24.68	0.00	0.00
FBC	204	24.62	25.40	25.36	24.62	0.00	0.00
FBC	205	24.54	25.49	25.51	24.47	0.00	0.00
FBC	206	24.75	25.21	25.33	24.72	0.00	0.00
FBC	207	24.55	25.44	25.39	24.62	0.00	0.00
FBC	208	24.51	25.51	25.47	24.51	0.00	0.00
FBC	209	24.76	25.21	25.32	24.71	0.00	0.00
FBC	210	24.48	25.51	25.43	24.58	0.00	0.00
FBC	211	24.49	25.53	25.51	24.47	0.00	0.00
FBC	212	24.69	25.29	25.23	24.78	0.00	0.00
FBC	213	24.51	25.64	25.31	24.55	0.00	0.00
FBC	214	24.52	25.51	25.47	24.50	0.00	0.00
FBC	215	24.68	25.33	25.24	24.74	0.00	0.00
FBC	216	24.60	25.43	25.37	24.60	0.00	0.00
FBC	217	24.56	25.52	25.50	24.41	0.00	0.00
FBC	218	24.77	25.23	25.28	24.72	0.00	0.00
FBC	219	24.50	25.51	25.36	24.63	0.00	0.00
FBC	220	24.55	25.46	25.53	24.45	0.00	0.00
FBC	221	24.77	25.22	25.32	24.70	0.00	0.00
FBC	222	24.46	25.45	25.41	24.68	0.00	0.00
FBC	223	24.54	25.46	25.53	24.46	0.00	0.00
FBC	224	24.69	25.36	25.29	24.66	0.00	0.00
FBC	225	24.64	25.46	25.34	24.57	0.00	0.00
FBC	226	24.53	25.44	25.57	24.47	0.00	0.00
FBC	227	24.68	25.37	25.31	24.64	0.00	0.00
FBC	228	24.55	25.55	25.39	24.51	0.00	0.00
FBC	229	24.48	25.55	25.52	24.45	0.00	0.00
FBC	230	24.73	25.26	25.30	24.70	0.00	0.00
FBC	231	24.68	25.42	25.36	24.54	0.00	0.00
FBC	232	24.57	25.50	25.43	24.50	0.00	0.00
FBC	233	24.80	25.23	25.23	24.73	0.00	0.00
FBC	234	24.71	25.35	25.32	24.62	0.00	0.00
FBC	235	24.48	25.42	25.51	24.59	0.00	0.00
FBC	236	24.82	25.19	25.32	24.68	0.00	0.00
FBC	237	24.70	25.44	25.22	24.64	0.00	0.00
FBC	238	24.52	25.53	25.43	24.51	0.00	0.00
FBC	239	24.80	25.27	25.21	24.71	0.00	0.00
FBC	240	24.61	25.41	25.30	24.68	0.00	0.00
FBC	241	24.53	25.58	25.37	24.52	0.00	0.00
FBC	242	24.66	25.28	25.27	24.78	0.00	0.00
FBC	243	24.80	25.24	25.14	24.82	0.00	0.00
FBC	244	24.57	25.45	25.50	24.47	0.00	0.00
FBC	245	24.67	25.32	25.27	24.74	0.00	0.00
FBC	246	24.60	25.41	25.28	24.71	0.00	0.00
FBC	247	24.70	25.35	25.32	24.64	0.00	0.00
FBC	248	24.95	24.98	25.17	24.90	0.00	0.00
FBC	249	24.50	25.54	25.25	24.71	0.00	0.00
FBC	250	24.89	25.29	24.91	24.91	0.00	0.00
# ACGT raw counters for first fragments. Use `grep ^FTC | cut -f 2-` to extract this part. The columns are: A,C,G,T,N base counters
FTC	62041165	64064920	64013883	61930157	267
# ACGT content per cycle for last fragments. Use `grep ^LBC | cut -f 2-` to extract this part. The columns are: cycle; A,C,G,T base counts as a percentage of all A/C/G/T bases [%]; and N and O counts as a percentage of all A/C/G/T bases [%]
LBC	1	20.19	31.63	29.44	18.75	0.00	0.00
LBC	2	26.04	23.69	25.75	24.52	0.00	0.00
LBC	3	26.07	24.40	23.99	25.53	0.00	0.00
LBC	4	24.99	25.22	25.33	24.46	0.00	0.00
LBC	5	24.99	25.18	25.58	24.24	0.00	0.00
LBC	6	23.69	26.29	26.01	24.00	0.00	0.00
LBC	7	24.11	25.95	26.36	23.58	0.00	0.00
LBC	8	24.12	25.63	25.45	24.81	0.00	0.00
LBC	9	24.23	25.66	25.61	24.50	0.00	0.00
LBC	10	24.39	25.44	25.61	24.56	0.00	0.00
LBC	11	24.89	25.26	25.39	24.46	0.00	0.00
LBC	12	24.56	25.51	25.40	24.53	0.00	0.00
LBC	13	24.88	25.29	25.48	24.35	0.00	0.00
LBC	14	24.94	25.14	25.12	24.79	0.00	0.00
LBC	15	24.75	25.36	25.29	24.60	0.00	0.00
LBC	16	24.56	25.45	25.51	24.48	0.00	0.00
LBC	17	24.85	25.16	25.26	24.72	0.00	0.00
LBC	18	24.41	25.52	25.36	24.71	0.00	0.00
LBC	19	24.57	25.53	25.40	24.50	0.00	0.00
LBC	20	24.70	25.14	25.25	24.92	0.00	0.00
LBC	21	24.72	25.33	25.27	24.67	0.00	0.00
LBC	22	24.66	25.40	25.37	24.57	0.00	0.00
LBC	23	24.95	25.11	25.19	24.74	0.00	0.00
LBC	24	24.70	25.36	25.26	24.68	0.00	0.00
LBC	25	24.73	25.46	25.36	24.45	0.00	0.00
LBC	26	24.89	25.14	25.25	24.73	0.00	0.00
LBC	27	24.73	25.35	25.31	24.61	0.00	0.00
LBC	28	24.60	25.37	25.37	24.66	0.00	0.00
LBC	29	24.86	25.16	25.30	24.67	0.00	0.00
LBC	30	24.61	25.41	25.37	24.61	0.00	0.00
LBC	31	24.70	25.45	25.43	24.42	0.00	0.00
LBC	32	24.82	25.30	25.22	24.66	0.00	0.00
LBC	33	24.68	25.45	25.46	24.41	0.00	0.00
LBC	34	24.56	25.43	25.51	24.50	0.00	0.00
LBC	35	24.85	25.20	25.34	24.61	0.00	0.00
LBC	36	24.60	25.52	25.41	24.47	0.00	0.00
LBC	37	24.60	25.53	25.51	24.36	0.00	0.00
LBC	38	24.70	25.27	25.32	24.71	0.00	0.00
LBC	39	24.46	25.55	25.52	24.47	0.00	0.00
LBC	40	24.56	25.49	25.44	24.51	0.00	0.00
LBC	41	24.77	25.34	25.31	24.58	0.00	0.00
LBC	42	24.53	25.52	25.39	24.56	0.00	0.00
LBC	43	24.60	25.51	25.49	24.40	0.00	0.00
LBC	44	24.71	25.31	25.30	24.67	0.00	0.00
LBC	45	24.53	25.55	25.52	24.40	0.00	0.00
LBC	46	24.51	25.50	25.53	24.47	0.00	0.00
LBC	47	24.82	25.30	25.29	24.58	0.00	0.00
LBC	48	24.57	25.45	25.44	24.54	0.00	0.00
LBC	49	24.54	25.58	25.66	24.23	0.00	0.00
LBC	50	24.71	25.31	25.29	24.69	0.00	0.00
LBC	51	24.59	25.60	25.40	24.41	0.00	0.00
LBC	52	24.51	25.57	25.51	24.41	0.00	0.00
LBC	53	24.82	25.22	25.25	24.71	0.00	0.00
LBC	54	24.54	25.52	25.39	24.54	0.00	0.00
LBC	55	24.50	25.57	25.57	24.36	0.00	0.00
LBC	56	24.65	25.33	25.40	24.63	0.00	0.00
LBC	57	24.61	25.49	25.46	24.44	0.00	0.00
LBC	58	24.52	25.53	25.52	24.43	0.00	0.00
LBC	59	24.79	25.34	25.37	24.49	0.00	0.00
LBC	60	24.53	25.58	25.43	24.46	0.00	0.00
LBC	61	24.56	25.64	25.58	24.22	0.00	0.00
LBC	62	24.70	25.35	25.38	24.57	0.00	0.00
LBC	63	24.48	25.60	25.50	24.42	0.00	0.00
LBC	64	24.51	25.55	25.53	24.40	0.00	0.00
LBC	65	24.69	25.37	25.34	24.60	0.00	0.00
LBC	66	24.45	25.60	25.46	24.49	0.00	0.00
LBC	67	24.52	25.64	25.55	24.28	0.00	0.00
LBC	68	24.64	25.34	25.45	24.57	0.00	0.00
LBC	69	24.48	25.53	25.50	24.49	0.00	0.00
LBC	70	24.50	25.67	25.57	24.26	0.00	0.00
LBC	71	24.71	25.39	25.39	24.50	0.00	0.00
LBC	72	24.38	25.52	25.60	24.49	0.00	0.00
LBC	73	24.56	25.52	25.56	24.37	0.00	0.00
LBC	74	24.73	25.40	25.33	24.54	0.00	0.00
LBC	75	24.53	25.59	25.50	24.38	0.00	0.00
LBC	76	24.50	25.60	25.58	24.31	0.00	0.00
LBC	77	24.70	25.34	25.45	24.51	0.00	0.00
LBC	78	24.48	25.54	25.54	24.44	0.00	0.00
LBC	79	24.54	25.62	25.67	24.17	0.00	0.00
LBC	80	24.79	25.27	25.39	24.56	0.00	0.00
LBC	81	24.48	25.63	25.53	24.36	0.00	0.00
LBC	82	24.55	25.59	25.52	24.34	0.00	0.00
LBC	83	24.75	25.26	25.36	24.63	0.00	0.00
LBC	84	24.47	25.56	25.46	24.51	0.00	0.00
LBC	85	24.57	25.52	25.54	24.37	0.00	0.00
LBC	86	24.73	25.41	25.34	24.52	0.00	0.00
LBC	87	24.52	25.46	25.45	24.57	0.00	0.00
LBC	88	24.56	25.58	25.51	24.36	0.00	0.00
LBC	89	24.74	25.40	25.29	24.56	0.00	0.00
LBC	90	24.48	25.51	25.54	24.48	0.00	0.00
LBC	91	24.50	25.61	25.60	24.29	0.00	0.00
LBC	92	24.71	25.38	25.30	24.61	0.00	0.00
LBC	93	24.49	25.59	25.53	24.39	0.00	0.00
LBC	94	24.63	25.52	25.48	24.37	0.00	0.00
LBC	95	24.79	25.35	25.34	24.53	0.00	0.00
LBC	96	24.47	25.61	25.49	24.44	0.00	0.00
LBC	97	24.62	25.52	25.54	24.32	0.00	0.00
LBC	98	24.71	25.29	25.40	24.60	0.00	0.00
LBC	99	24.46	25.61	25.45	24.48	0.00	0.00
LBC	100	24.52	25.56	25.54	24.38	0.00	0.00
LBC	101	24.72	25.44	25.40	24.45	0.00	0.00
LBC	102	24.55	25.54	25.49	24.41	0.00	0.00
LBC	103	24.55	25.51	25.60	24.34	0.00	0.00
LBC	104	24.73	25.36	25.25	24.66	0.00	0.00
LBC	105	24.51	25.58	25.53	24.38	0.00	0.00
LBC	106	24.42	25.54	25.69	24.35	0.00	0.00
LBC	107	24.79	25.21	25.25	24.75	0.00	0.00
LBC	108	24.61	25.50	25.49	24.41	0.00	0.00
LBC	109	24.52	25.58	25.59	24.32	0.00	0.00
LBC	110	24.68	25.37	25.33	24.63	0.00	0.00
LBC	111	24.59	25.49	25.39	24.53	0.00	0.00
LBC	112	24.43	25.64	25.56	24.37	0.00	0.00
LBC	113	24.97	25.14	24.97	24.91	0.00	0.00
LBC	114	24.68	25.43	25.33	24.57	0.00	0.00
LBC	115	24.67	25.44	25.32	24.57	0.00	0.00
LBC	116	24.72	25.38	25.32	24.58	0.00	0.00
LBC	117	24.71	25.32	25.42	24.55	0.00	0.00
LBC	118	24.65	25.43	25.39	24.53	0.00	0.00
LBC	119	24.93	25.15	25.17	24.75	0.00	0.00
LBC	120	24.69	25.43	25.38	24.51	0.00	0.00
LBC	121	24.78	25.47	25.43	24.32	0.00	0.00
LBC	122	24.80	25.22	25.37	24.61	0.00	0.00
LBC	123	24.65	25.47	25.34	24.54	0.00	0.00
LBC	124	24.62	25.46	25.50	24.42	0.00	0.00
LBC	125	24.85	25.27	25.21	24.67	0.00	0.00
LBC	126	24.61	25.45	25.49	24.45	0.00	0.00
LBC	127	24.57	25.57	25.54	24.32	0.00	0.00
LBC	128	24.71	25.33	25.31	24.65	0.00	0.00
LBC	129	24.53	25.48	25.45	24.54	0.00	0.00
LBC	130	24.56	25.49	25.52	24.43	0.00	0.00
LBC	131	24.77	25.30	25.35	24.59	0.00	0.00
LBC	132	24.60	25.51	25.43	24.46	0.00	0.00
LBC	133	24.56	25.49	25.53	24.42	0.00	0.00
LBC	134	24.72	25.33	25.29	24.66	0.00	0.00
LBC	135	24.58	25.58	25.43	24.41	0.00	0.00
LBC	136	24.57	25.53	25.55	24.34	0.00	0.00
LBC	137	24.75	25.26	25.38	24.61	0.00	0.00
LBC	138	24.54	25.50	25.43	24.52	0.00	0.00
LBC	139	24.56	25.48	25.57	24.39	0.00	0.00
LBC	140	24.69	25.35	25.36	24.60	0.00	0.00
LBC	141	24.57	25.57	25.42	24.43	0.00	0.00
LBC	142	24.55	25.52	25.55	24.38	0.00	0.00
LBC	143	24.78	25.28	25.36	24.58	0.00	0.00
LBC	144	24.62	25.47	25.48	24.43	0.00	0.00
LBC	145	24.66	25.43	25.59	24.33	0.00	0.00
LBC	146	24.72	25.35	25.32	24.61	0.00	0.00
LBC	147	24.52	25.52	25.45	24.51	0.00	0.00
LBC	148	24.51	25.44	25.67	24.38	0.00	0.00
LBC	149	24.68	25.36	25.37	24.59	0.00	0.00
LBC	150	24.58	25.48	25.48	24.45	0.00	0.00
LBC	151	24.62	25.51	25.56	24.32	0.00	0.00
LBC	152	24.73	25.33	25.30	24.64	0.00	0.00
LBC	153	24.60	25.37	25.42	24.61	0.00	0.00
LBC	154	24.52	25.46	25.60	24.42	0.00	0.00
LBC	155	24.78	25.29	25.33	24.60	0.00	0.00
LBC	156	24.54	25.49	25.46	24.51	0.00	0.00
LBC	157	24.53	25.48	25.60	24.39	0.00	0.00
LBC	158	24.70	25.33	25.43	24.54	0.00	0.00
LBC	159	24.60	25.46	25.42	24.53	0.00	0.00
LBC	160	24.55	25.61	25.53	24.31	0.00	0.00
LBC	161	24.81	25.23	25.37	24.59	0.00	0.00
LBC	162	24.56	25.52	25.45	24.46	0.00	0.00
LBC	163	24.58	25.48	25.48	24.46	0.00	0.00
LBC	164	24.72	25.32	25.36	24.61	0.00	0.00
LBC	165	24.61	25.45	25.45	24.49	0.00	0.00
LBC	166	24.58	25.52	25.50	24.41	0.00	0.00
LBC	167	24.75	25.22	25.39	24.64	0.00	0.00
LBC	168	24.57	25.53	25.42	24.47	0.00	0.00
LBC	169	24.53	25.47	25.59	24.41	0.00	0.00
LBC	170	24.78	25.21	25.37	24.63	0.00	0.00
LBC	171	24.57	25.42	25.40	24.60	0.00	0.00
LBC	172	24.52	25.49	25.57	24.42	0.00	0.00
LBC	173	24.81	25.31	25.29	24.60	0.00	0.00
LBC	174	24.55	25.48	25.49	24.49	0.00	0.00
LBC	175	24.62	25.42	25.48	24.48	0.00	0.00
LBC	176	24.87	25.26	25.28	24.59	0.00	0.00
LBC	177	24.58	25.46	25.38	24.58	0.00	0.00
LBC	178	24.58	25.49	25.54	24.39	0.00	0.00
LBC	179	24.76	25.31	25.28	24.64	0.00	0.00
LBC	180	24.59	25.51	25.47	24.43	0.00	0.00
LBC	181	24.67	25.48	25.39	24.45	0.00	0.00
LBC	182	24.78	25.31	25.29	24.61	0.00	0.00
LBC	183	24.71	25.37	25.37	24.55	0.00	0.00
LBC	184	24.56	25.45	25.54	24.45	0.00	0.00
LBC	185	24.83	25.28	25.28	24.61	0.00	0.00
LBC	186	24.58	25.46	25.47	24.49	0.00	0.00
LBC	187	24.62	25.42	25.55	24.42	0.00	0.00
LBC	188	24.73	25.35	25.36	24.56	0.00	0.00
LBC	189	24.49	25.41	25.58	24.52	0.00	0.00
LBC	190	24.60	25.48	25.53	24.39	0.00	0.00
LBC	191	24.84	25.23	25.30	24.63	0.00	0.00
LBC	192	24.64	25.42	25.44	24.49	0.00	0.00
LBC	193	24.71	25.43	25.49	24.38	0.00	0.00
LBC	194	24.79	25.27	25.31	24.63	0.00	0.00
LBC	195	24.63	25.40	25.42	24.54	0.00	0.00
LBC	196	24.62	25.51	25.45	24.42	0.00	0.00
LBC	197	24.84	25.25	25.29	24.61	0.00	0.00
LBC	198	24.67	25.43	25.33	24.57	0.00	0.00
LBC	199	24.68	25.41	25.46	24.45	0.00	0.00
LBC	200	24.77	25.35	25.21	24.67	0.00	0.00
LBC	201	24.71	25.35	25.36	24.58	0.00	0.00
LBC	202	24.58	25.49	25.46	24.47	0.00	0.00
LBC	203	24.89	25.14	25.13	24.85	0.00	0.00
LBC	204	24.67	25.33	25.25	24.74	0.00	0.00
LBC	205	24.87	25.20	25.24	24.69	0.00	0.00
LBC	206	24.89	25.13	25.17	24.82	0.00	0.00
LBC	207	24.81	25.33	25.19	24.68	0.00	0.00
LBC	208	24.83	25.27	25.27	24.63	0.00	0.00
LBC	209	25.07	25.06	25.04	24.83	0.00	0.00
LBC	210	24.74	25.31	25.25	24.70	0.00	0.00
LBC	211	24.68	25.36	25.38	24.58	0.00	0.00
LBC	212	24.93	25.16	25.17	24.73	0.00	0.00
LBC	213	24.76	25.32	25.16	24.76	0.00	0.00
LBC	214	24.69	25.34	25.40	24.57	0.00	0.00
LBC	215	24.93	25.04	25.18	24.85	0.00	0.00
LBC	216	24.78	25.29	25.23	24.71	0.00	0.00
LBC	217	24.70	25.38	25.36	24.56	0.00	0.00
LBC	218	24.93	25.17	25.12	24.79	0.00	0.00
LBC	219	24.78	25.38	25.17	24.67	0.00	0.00
LBC	220	24.70	25.32	25.31	24.67	0.00	0.00
LBC	221	24.86	25.21	25.17	24.75	0.00	0.00
LBC	222	24.69	25.38	25.36	24.57	0.00	0.00
LBC	223	24.80	25.24	25.21	24.76	0.00	0.00
LBC	224	25.00	25.11	24.98	24.91	0.00	0.00
LBC	225	24.79	25.30	25.14	24.77	0.00	0.00
LBC	226	24.84	25.25	25.16	24.75	0.00	0.00
LBC	227	25.10	24.99	24.89	25.01	0.00	0.00
LBC	228	24.76	25.28	25.25	24.71	0.00	0.00
LBC	229	24.83	25.33	25.14	24.70	0.00	0.00
LBC	230	24.88	25.21	25.31	24.60	0.00	0.00
LBC	231	24.63	25.50	25.33	24.54	0.00	0.00
LBC	232	24.65	25.41	25.28	24.65	0.00	0.00
LBC	233	24.94	25.10	25.20	24.76	0.00	0.00
LBC	234	24.61	25.40	25.37	24.61	0.00	0.00
LBC	235	24.83	25.33	25.35	24.50	0.00	0.00
LBC	236	24.78	25.26	25.35	24.61	0.00	0.00
LBC	237	24.70	25.39	25.42	24.49	0.00	0.00
LBC	238	24.62	25.50	25.50	24.38	0.00	0.00
LBC	239	24.82	25.29	25.31	24.59	0.00	0.00
LBC	240	24.58	25.54	25.49	24.39	0.00	0.00
LBC	241	24.72	25.36	25.49	24.43	0.00	0.00
LBC	242	24.79	25.28	25.34	24.59	0.00	0.00
LBC	243	24.78	25.21	25.37	24.63	0.00	0.00
LBC	244	24.68	25.34	25.44	24.55	0.00	0.00
LBC	245	24.89	25.11	25.23	24.77	0.00	0.00
LBC	246	24.57	25.42	25.50	24.51	0.00	0.00
LBC	247	24.66	25.36	25.34	24.64	0.00	0.00
LBC	248	24.72	25.25	25.40	24.62	0.00	0.00
LBC	249	24.53	25.55	25.46	24.45	0.00	0.00
LBC	250	24.47	25.58	25.26	24.69	0.00	0.00
# ACGT raw counters for last fragments. Use `grep ^LTC | cut -f 2-` to extract this part. The columns are: A,C,G,T,N base counters
LTC	61697725	63656861	63639555	61340951	0
# Insert sizes. Use `grep ^IS | cut -f 2-` to extract this part. The columns are: insert size, pairs total, inward oriented pairs, outward oriented pairs, other pairs
IS	0	0	0	0	0
IS	1	0	0	0	0
IS	2	1	0	1	0
IS	3	0	0	0	0
IS	4	2	0	2	0
IS	5	0	0	0	0
IS	6	1	0	1	0
IS	7	1	0	1	0
IS	8	0	0	0	0
IS	9	1	0	1	0
IS	10	0	0	0	0
IS	11	2	0	2	0
IS	12	1	0	1	0
IS	13	2	0	2	0
IS	14	1	0	1	0
IS	15	2	0	2	0
IS	16	0	0	0	0
IS	17	0	0	0	0
IS	18	0	0	0	0
IS	19	3020	3002	18	0
IS	20	1125	1109	16	0
IS	21	344	340	4	0
IS	22	593	589	4	0
IS	23	141	140	1	0
IS	24	36	34	2	0
IS	25	195	191	4	0
IS	26	122	119	3	0
IS	27	129	120	9	0
IS	28	92	90	2	0
IS	29	131	126	5	0
IS	30	87	84	3	0
IS	31	77	74	3	0
IS	32	95	92	3	0
IS	33	47	46	1	0
IS	34	21	20	1	0
IS	35	75	71	4	0
IS	36	133	131	2	0
IS	37	52	47	5	0
IS	38	44	39	5	0
IS	39	73	70	3	0
IS	40	41	39	2	0
IS	41	109	106	3	0
IS	42	109	108	1	0
IS	43	90	72	18	0
IS	44	91	87	4	0
IS	45	65	64	1	0
IS	46	61	58	3	0
IS	47	64	64	0	0
IS	48	63	62	1	0
IS	49	57	57	0	0
IS	50	111	107	4	0
IS	51	35	32	3	0
IS	52	59	57	2	0
IS	53	75	71	4	0
IS	54	141	139	2	0
IS	55	59	59	0	0
IS	56	107	105	2	0
IS	57	78	75	3	0
IS	58	78	77	1	0
IS	59	106	101	5	0
IS	60	88	87	1	0
IS	61	66	62	4	0
IS	62	95	91	4	0
IS	63	104	101	3	0
IS	64	57	55	2	0
IS	65	76	74	2	0
IS	66	102	100	2	0
IS	67	113	109	4	0
IS	68	72	71	1	0
IS	69	80	79	1	0
IS	70	170	169	1	0
IS	71	72	70	2	0
IS	72	148	145	3	0
IS	73	95	92	3	0
IS	74	59	58	1	0
IS	75	103	101	2	0
IS	76	202	201	1	0
IS	77	117	113	4	0
IS	78	139	136	3	0
IS	79	80	78	2	0
IS	80	127	124	3	0
IS	81	163	161	2	0
IS	82	119	117	2	0
IS	83	100	97	3	0
IS	84	131	128	3	0
IS	85	115	115	0	0
IS	86	190	185	5	0
IS	87	107	107	0	0
IS	88	139	136	3	0
IS	89	136	134	2	0
IS	90	123	122	1	0
IS	91	158	156	2	0
IS	92	197	192	5	0
IS	93	134	129	5	0
IS	94	118	115	3	0
IS	95	169	169	0	0
IS	96	142	141	1	0
IS	97	152	151	1	0
IS	98	168	164	4	0
IS	99	141	137	4	0
IS	100	131	127	4	0
IS	101	123	122	1	0
IS	102	143	140	3	0
IS	103	135	131	4	0
IS	104	183	179	4	0
IS	105	149	147	2	0
IS	106	157	154	3	0
IS	107	141	137	4	0
IS	108	163	160	3	0
IS	109	209	208	1	0
IS	110	157	152	5	0
IS	111	183	178	5	0
IS	112	159	157	2	0
IS	113	166	163	3	0
IS	114	156	155	1	0
IS	115	150	147	3	0
IS	116	177	175	2	0
IS	117	174	170	4	0
IS	118	252	248	4	0
IS	119	232	226	6	0
IS	120	260	257	3	0
IS	121	190	185	5	0
IS	122	200	195	5	0
IS	123	221	217	4	0
IS	124	207	200	7	0
IS	125	219	219	0	0
IS	126	272	267	5	0
IS	127	273	269	4	0
IS	128	283	280	3	0
IS	129	225	223	2	0
IS	130	263	261	2	0
IS	131	267	265	2	0
IS	132	271	267	4	0
IS	133	318	311	7	0
IS	134	292	291	1	0
IS	135	333	331	2	0
IS	136	345	344	1	0
IS	137	335	332	3	0
IS	138	290	288	2	0
IS	139	390	387	3	0
IS	140	364	361	3	0
IS	141	402	395	7	0
IS	142	413	411	2	0
IS	143	433	431	2	0
IS	144	456	449	7	0
IS	145	475	473	2	0
IS	146	471	469	2	0
IS	147	480	476	4	0
IS	148	502	497	5	0
IS	149	540	536	4	0
IS	150	548	543	5	0
IS	151	644	637	7	0
IS	152	635	633	2	0
IS	153	622	620	2	0
IS	154	654	647	7	0
IS	155	735	732	3	0
IS	156	717	713	4	0
IS	157	745	741	4	0
IS	158	786	782	4	0
IS	159	781	774	7	0
IS	160	789	787	2	0
IS	161	935	932	3	0
IS	162	929	926	3	0
IS	163	996	991	5	0
IS	164	1034	1022	12	0
IS	165	1052	1046	6	0
IS	166	1080	1077	3	0
IS	167	1161	1155	6	0
IS	168	1219	1211	8	0
IS	169	1237	1234	3	0
IS	170	1287	1280	7	0
IS	171	1266	1261	5	0
IS	172	1380	1376	4	0
IS	173	1454	1446	8	0
IS	174	1391	1386	5	0
IS	175	1501	1494	7	0
IS	176	1620	1613	7	0
IS	177	1668	1664	4	0
IS	178	1724	1720	4	0
IS	179	1825	1814	11	0
IS	180	1797	1790	7	0
IS	181	1835	1825	10	0
IS	182	1964	1958	6	0
IS	183	1985	1979	6	0
IS	184	2147	2137	10	0
IS	185	2132	2121	11	0
IS	186	2202	2194	8	0
IS	187	2366	2355	11	0
IS	188	2297	2289	8	0
IS	189	2430	2421	9	0
IS	190	2359	2352	7	0
IS	191	2554	2545	9	0
IS	192	2603	2590	13	0
IS	193	2727	2719	8	0
IS	194	2821	2816	5	0
IS	195	2816	2804	12	0
IS	196	2879	2867	12	0
IS	197	2977	2967	10	0
IS	198	3008	3004	4	0
IS	199	3050	3040	10	0
IS	200	3037	3025	12	0
IS	201	3212	3198	14	0
IS	202	3182	3167	15	0
IS	203	3388	3379	9	0
IS	204	3473	3456	17	0
IS	205	3522	3511	11	0
IS	206	3599	3586	13	0
IS	207	3719	3701	18	0
IS	208	3762	3749	13	0
IS	209	3931	3918	13	0
IS	210	3751	3738	13	0
IS	211	3993	3987	6	0
IS	212	3939	3932	7	0
IS	213	4145	4129	16	0
IS	214	4069	4051	18	0
IS	215	4041	4028	13	0
IS	216	4223	4203	20	0
IS	217	4249	4234	15	0
IS	218	4220	4205	15	0
IS	219	4369	4353	16	0
IS	220	4327	4316	11	0
IS	221	4341	4330	11	0
IS	222	4477	4452	25	0
IS	223	4504	4488	16	0
IS	224	4574	4556	18	0
IS	225	4530	4519	11	0
IS	226	4716	4700	16	0
IS	227	4674	4663	11	0
IS	228	4592	4573	18	1
IS	229	4698	4684	14	0
IS	230	4651	4637	14	0
IS	231	4780	4767	13	0
IS	232	4785	4767	18	0
IS	233	4775	4755	20	0
IS	234	4738	4719	19	0
IS	235	4845	4823	22	0
IS	236	4797	4773	24	0
IS	237	4856	4839	17	0
IS	238	4817	4796	21	0
IS	239	4855	4820	35	0
IS	240	4759	4749	10	0
IS	241	4934	4922	12	0
IS	242	4780	4757	23	0
IS	243	4954	4926	28	0
IS	244	4955	4931	24	0
IS	245	5032	5013	19	0
IS	246	5056	5020	36	0
IS	247	4854	4786	68	0
IS	248	5066	4979	87	0
IS	249	4933	4822	111	0
IS	250	4956	4956	0	0
IS	251	4963	4963	0	0
IS	252	5071	5069	2	0
IS	253	4904	4904	0	0
IS	254	4893	4893	0	0
IS	255	4896	4896	0	0
IS	256	4933	4933	0	0
IS	257	5014	5014	0	0
IS	258	5048	5047	1	0
IS	259	4828	4828	0	0
IS	260	4894	4894	0	0
IS	261	4869	4869	0	0
IS	262	4849	4848	1	0
IS	263	4820	4820	0	0
IS	264	4810	4810	0	0
IS	265	4777	4777	0	0
IS	266	4693	4693	0	0
IS	267	4785	4785	0	0
IS	268	4738	4738	0	0
IS	269	4688	4688	0	0
IS	270	4624	4624	0	0
IS	271	4625	4625	0	0
IS	272	4629	4629	0	0
IS	273	4579	4579	0	0
IS	274	4531	4531	0	0
IS	275	4556	4556	0	0
IS	276	4342	4342	0	0
IS	277	4590	4590	0	0
IS	278	4459	4459	0	0
IS	279	4462	4462	0	0
IS	280	4386	4386	0	0
IS	281	4437	4437	0	0
IS	282	4279	4279	0	0
IS	283	4281	4281	0	0
IS	284	4280	4280	0	0
IS	285	4284	4284	0	0
IS	286	4259	4259	0	0
IS	287	4168	4168	0	0
IS	288	4210	4210	0	0
IS	289	4105	4105	0	0
IS	290	4213	4213	0	0
IS	291	4077	4077	0	0
IS	292	4078	4078	0	0
IS	293	4001	4001	0	0
IS	294	4128	4128	0	0
IS	295	4020	4019	0	1
IS	296	3989	3989	0	0
IS	297	3898	3898	0	0
IS	298	3827	3827	0	0
IS	299	3857	3857	0	0
IS	300	3857	3857	0	0
IS	301	3810	3810	0	0
IS	302	3739	3739	0	0
IS	303	3658	3656	0	2
IS	304	3695	3694	0	1
IS	305	3636	3636	0	0
IS	306	3597	3597	0	0
IS	307	3476	3476	0	0
IS	308	3465	3465	0	0
IS	309	3449	3449	0	0
IS	310	3524	3524	0	0
IS	311	3296	3296	0	0
IS	312	3412	3412	0	0
IS	313	3227	3227	0	0
IS	314	3270	3270	0	0
IS	315	3335	3335	0	0
IS	316	3252	3252	0	0
IS	317	3206	3206	0	0
IS	318	3179	3179	0	0
IS	319	3084	3084	0	0
IS	320	3146	3146	0	0
IS	321	2975	2975	0	0
IS	322	3107	3107	0	0
IS	323	2989	2989	0	0
IS	324	2914	2914	0	0
IS	325	2954	2954	0	0
IS	326	2847	2847	0	0
IS	327	2852	2852	0	0
IS	328	2842	2842	0	0
IS	329	2848	2847	0	1
IS	330	2729	2729	0	0
IS	331	2733	2733	0	0
IS	332	2736	2736	0	0
IS	333	2565	2565	0	0
IS	334	2636	2636	0	0
IS	335	2542	2542	0	0
IS	336	2622	2622	0	0
IS	337	2523	2523	0	0
IS	338	2409	2409	0	0
IS	339	2495	2495	0	0
IS	340	2365	2365	0	0
IS	341	2365	2365	0	0
IS	342	2329	2329	0	0
IS	343	2295	2295	0	0
IS	344	2221	2221	0	0
IS	345	2176	2176	0	0
IS	346	2281	2281	0	0
IS	347	2200	2200	0	0
IS	348	2231	2231	0	0
IS	349	2158	2158	0	0
IS	350	2133	2133	0	0
IS	351	2116	2116	0	0
IS	352	2117	2117	0	0
IS	353	2033	2033	0	0
IS	354	2008	2008	0	0
IS	355	1945	1945	0	0
IS	356	1955	1955	0	0
IS	357	1970	1970	0	0
IS	358	1802	1802	0	0
IS	359	1851	1851	0	0
IS	360	1848	1848	0	0
IS	361	1766	1766	0	0
IS	362	1716	1716	0	0
IS	363	1703	1703	0	0
IS	364	1754	1754	0	0
IS	365	1719	1719	0	0
IS	366	1628	1628	0	0
IS	367	1633	1633	0	0
IS	368	1594	1594	0	0
IS	369	1559	1559	0	0
IS	370	1527	1527	0	0
IS	371	1571	1571	0	0
IS	372	1479	1479	0	0
IS	373	1510	1510	0	0
IS	374	1465	1465	0	0
IS	375	1426	1426	0	0
IS	376	1366	1366	0	0
IS	377	1372	1372	0	0
IS	378	1412	1412	0	0
IS	379	1415	1415	0	0
IS	380	1275	1275	0	0
IS	381	1268	1268	0	0
IS	382	1225	1225	0	0
IS	383	1244	1244	0	0
IS	384	1199	1199	0	0
IS	385	1195	1195	0	0
IS	386	1218	1218	0	0
IS	387	1147	1147	0	0
IS	388	1193	1193	0	0
IS	389	1041	1041	0	0
IS	390	1102	1102	0	0
IS	391	1041	1041	0	0
IS	392	1009	1009	0	0
IS	393	1048	1048	0	0
IS	394	946	946	0	0
IS	395	959	959	0	0
IS	396	955	955	0	0
IS	397	983	983	0	0
IS	398	944	944	0	0
IS	399	943	943	0	0
IS	400	925	925	0	0
IS	401	859	859	0	0
IS	402	889	889	0	0
IS	403	844	844	0	0
IS	404	864	864	0	0
IS	405	768	768	0	0
IS	406	772	772	0	0
IS	407	800	800	0	0
IS	408	794	794	0	0
IS	409	770	770	0	0
IS	410	753	753	0	0
IS	411	724	724	0	0
IS	412	708	708	0	0
IS	413	708	708	0	0
IS	414	696	696	0	0
IS	415	675	675	0	0
IS	416	707	707	0	0
IS	417	660	660	0	0
IS	418	614	614	0	0
IS	419	615	615	0	0
IS	420	642	642	0	0
IS	421	601	601	0	0
IS	422	533	533	0	0
IS	423	575	575	0	0
IS	424	616	616	0	0
IS	425	590	590	0	0
IS	426	522	522	0	0
IS	427	545	545	0	0
IS	428	507	507	0	0
IS	429	507	507	0	0
IS	430	485	485	0	0
IS	431	475	475	0	0
IS	432	512	512	0	0
IS	433	507	507	0	0
IS	434	456	456	0	0
IS	435	423	423	0	0
IS	436	475	475	0	0
IS	437	433	433	0	0
IS	438	432	432	0	0
IS	439	446	446	0	0
IS	440	378	378	0	0
IS	441	376	376	0	0
IS	442	420	420	0	0
IS	443	360	360	0	0
IS	444	359	359	0	0
IS	445	369	369	0	0
IS	446	334	334	0	0
IS	447	332	332	0	0
IS	448	331	331	0	0
IS	449	313	313	0	0
IS	450	336	336	0	0
IS	451	302	302	0	0
IS	452	335	335	0	0
IS	453	337	337	0	0
IS	454	297	297	0	0
IS	455	307	307	0	0
IS	456	269	269	0	0
IS	457	299	299	0	0
IS	458	257	257	0	0
IS	459	295	295	0	0
IS	460	259	259	0	0
IS	461	256	256	0	0
IS	462	230	230	0	0
IS	463	253	253	0	0
IS	464	245	245	0	0
IS	465	229	229	0	0
IS	466	241	241	0	0
IS	467	253	253	0	0
IS	468	225	225	0	0
IS	469	220	220	0	0
IS	470	184	184	0	0
IS	471	207	207	0	0
IS	472	211	211	0	0
IS	473	218	218	0	0
IS	474	179	179	0	0
IS	475	188	188	0	0
IS	476	190	190	0	0
IS	477	203	203	0	0
IS	478	200	200	0	0
IS	479	179	179	0	0
IS	480	187	187	0	0
IS	481	157	157	0	0
IS	482	164	164	0	0
IS	483	178	178	0	0
IS	484	179	179	0	0
IS	485	151	151	0	0
IS	486	144	144	0	0
IS	487	129	129	0	0
IS	488	140	140	0	0
IS	489	145	145	0	0
IS	490	135	135	0	0
IS	491	142	142	0	0
IS	492	128	128	0	0
IS	493	138	138	0	0
IS	494	125	125	0	0
IS	495	111	111	0	0
# Read lengths. Use `grep ^RL | cut -f 2-` to extract this part. The columns are: read length, count
RL	36	151
RL	37	157
RL	38	189
RL	39	335
RL	40	213
RL	41	249
RL	42	293
RL	43	267
RL	44	242
RL	45	243
RL	46	228
RL	47	209
RL	48	170
RL	49	238
RL	50	914
RL	51	452
RL	52	816
RL	53	396
RL	54	661
RL	55	346
RL	56	866
RL	57	314
RL	58	782
RL	59	334
RL	60	666
RL	61	317
RL	62	423
RL	63	285
RL	64	454
RL	65	264
RL	66	517
RL	67	258
RL	68	541
RL	69	264
RL	70	477
RL	71	304
RL	72	458
RL	73	305
RL	74	497
RL	75	341
RL	76	507
RL	77	264
RL	78	535
RL	79	254
RL	80	500
RL	81	298
RL	82	398
RL	83	322
RL	84	407
RL	85	293
RL	86	471
RL	87	291
RL	88	437
RL	89	269
RL	90	381
RL	91	330
RL	92	364
RL	93	328
RL	94	474
RL	95	321
RL	96	569
RL	97	384
RL	98	501
RL	99	349
RL	100	447
RL	101	332
RL	102	366
RL	103	332
RL	104	402
RL	105	391
RL	106	438
RL	107	433
RL	108	520
RL	109	515
RL	110	580
RL	111	555
RL	112	619
RL	113	611
RL	114	707
RL	115	657
RL	116	851
RL	117	816
RL	118	1015
RL	119	976
RL	120	938
RL	121	958
RL	122	1057
RL	123	862
RL	124	780
RL	125	657
RL	126	746
RL	127	681
RL	128	669
RL	129	680
RL	130	705
RL	131	737
RL	132	783
RL	133	767
RL	134	816
RL	135	896
RL	136	918
RL	137	934
RL	138	919
RL	139	1030
RL	140	1040
RL	141	1102
RL	142	1121
RL	143	1267
RL	144	1259
RL	145	1279
RL	146	1305
RL	147	1497
RL	148	1449
RL	149	1496
RL	150	1522
RL	151	1714
RL	152	1695
RL	153	1830
RL	154	1854
RL	155	1950
RL	156	2151
RL	157	2128
RL	158	2354
RL	159	2191
RL	160	2221
RL	161	2481
RL	162	2617
RL	163	2763
RL	164	2836
RL	165	2895
RL	166	3124
RL	167	3183
RL	168	3511
RL	169	3541
RL	170	3704
RL	171	3698
RL	172	3862
RL	173	4006
RL	174	4153
RL	175	4302
RL	176	4534
RL	177	4791
RL	178	4968
RL	179	5268
RL	180	5149
RL	181	5454
RL	182	5572
RL	183	5780
RL	184	6148
RL	185	6041
RL	186	6346
RL	187	6643
RL	188	6778
RL	189	7084
RL	190	7033
RL	191	7291
RL	192	7654
RL	193	7886
RL	194	8128
RL	195	8208
RL	196	8214
RL	197	8685
RL	198	8772
RL	199	9046
RL	200	9191
RL	201	9698
RL	202	9933
RL	203	10095
RL	204	10409
RL	205	10621
RL	206	10999
RL	207	11261
RL	208	11146
RL	209	11407
RL	210	11114
RL	211	11706
RL	212	11405
RL	213	12143
RL	214	12210
RL	215	11977
RL	216	12286
RL	217	12506
RL	218	12651
RL	219	12944
RL	220	12937
RL	221	13012
RL	222	13550
RL	223	13497
RL	224	13908
RL	225	13791
RL	226	14241
RL	227	13854
RL	228	13794
RL	229	13920
RL	230	13540
RL	231	14052
RL	232	13974
RL	233	13889
RL	234	13751
RL	235	13926
RL	236	14068
RL	237	14025
RL	238	14508
RL	239	14247
RL	240	14453
RL	241	14717
RL	242	14860
RL	243	14447
RL	244	14717
RL	245	15412
RL	246	14544
RL	247	15279
RL	248	26348
RL	249	109467
RL	250	1117928
# Read lengths - first fragments. Use `grep ^FRL | cut -f 2-` to extract this part. The columns are: read length, count
FRL	36	59
FRL	37	68
FRL	38	74
FRL	39	104
FRL	40	66
FRL	41	82
FRL	42	87
FRL	43	99
FRL	44	108
FRL	45	114
FRL	46	103
FRL	47	95
FRL	48	96
FRL	49	120
FRL	50	442
FRL	51	218
FRL	52	402
FRL	53	200
FRL	54	323
FRL	55	162
FRL	56	424
FRL	57	152
FRL	58	391
FRL	59	156
FRL	60	321
FRL	61	170
FRL	62	223
FRL	63	147
FRL	64	237
FRL	65	145
FRL	66	250
FRL	67	136
FRL	68	260
FRL	69	144
FRL	70	224
FRL	71	185
FRL	72	235
FRL	73	151
FRL	74	250
FRL	75	142
FRL	76	245
FRL	77	143
FRL	78	249
FRL	79	131
FRL	80	242
FRL	81	124
FRL	82	167
FRL	83	139
FRL	84	160
FRL	85	143
FRL	86	193
FRL	87	125
FRL	88	195
FRL	89	119
FRL	90	184
FRL	91	141
FRL	92	176
FRL	93	145
FRL	94	215
FRL	95	150
FRL	96	206
FRL	97	162
FRL	98	194
FRL	99	126
FRL	100	189
FRL	101	134
FRL	102	151
FRL	103	129
FRL	104	187
FRL	105	171
FRL	106	208
FRL	107	180
FRL	108	247
FRL	109	184
FRL	110	261
FRL	111	249
FRL	112	222
FRL	113	216
FRL	114	240
FRL	115	202
FRL	116	234
FRL	117	254
FRL	118	297
FRL	119	273
FRL	120	289
FRL	121	252
FRL	122	266
FRL	123	251
FRL	124	243
FRL	125	231
FRL	126	280
FRL	127	279
FRL	128	278
FRL	129	284
FRL	130	296
FRL	131	330
FRL	132	332
FRL	133	331
FRL	134	365
FRL	135	371
FRL	136	439
FRL	137	439
FRL	138	411
FRL	139	475
FRL	140	473
FRL	141	499
FRL	142	509
FRL	143	610
FRL	144	579
FRL	145	624
FRL	146	625
FRL	147	727
FRL	148	690
FRL	149	713
FRL	150	735
FRL	151	832
FRL	152	817
FRL	153	897
FRL	154	882
FRL	155	929
FRL	156	1016
FRL	157	1020
FRL	158	1143
FRL	159	1082
FRL	160	1077
FRL	161	1220
FRL	162	1303
FRL	163	1373
FRL	164	1383
FRL	165	1419
FRL	166	1551
FRL	167	1549
FRL	168	1720
FRL	169	1758
FRL	170	1840
FRL	171	1840
FRL	172	1884
FRL	173	1955
FRL	174	2040
FRL	175	2090
FRL	176	2252
FRL	177	2349
FRL	178	2430
FRL	179	2606
FRL	180	2536
FRL	181	2730
FRL	182	2752
FRL	183	2906
FRL	184	3130
FRL	185	3021
FRL	186	3182
FRL	187	3261
FRL	188	3373
FRL	189	3454
FRL	190	3464
FRL	191	3623
FRL	192	3778
FRL	193	3971
FRL	194	4047
FRL	195	4142
FRL	196	4089
FRL	197	4314
FRL	198	4337
FRL	199	4383
FRL	200	4464
FRL	201	4661
FRL	202	4763
FRL	203	4823
FRL	204	5010
FRL	205	5085
FRL	206	5354
FRL	207	5423
FRL	208	5422
FRL	209	5598
FRL	210	5509
FRL	211	5804
FRL	212	5496
FRL	213	6043
FRL	214	6018
FRL	215	5879
FRL	216	6054
FRL	217	6138
FRL	218	6237
FRL	219	6415
FRL	220	6389
FRL	221	6405
FRL	222	6587
FRL	223	6493
FRL	224	6762
FRL	225	6542
FRL	226	6876
FRL	227	6704
FRL	228	6872
FRL	229	7000
FRL	230	6888
FRL	231	7045
FRL	232	6984
FRL	233	7113
FRL	234	6974
FRL	235	7163
FRL	236	7229
FRL	237	7163
FRL	238	7328
FRL	239	7169
FRL	240	7415
FRL	241	7556
FRL	242	7541
FRL	243	7250
FRL	244	7423
FRL	245	7993
FRL	246	7395
FRL	247	7932
FRL	248	14010
FRL	249	55281
FRL	250	565482
# Read lengths - last fragments. Use `grep ^LRL | cut -f 2-` to extract this part. The columns are: read length, count
LRL	36	92
LRL	37	89
LRL	38	115
LRL	39	231
LRL	40	147
LRL	41	167
LRL	42	206
LRL	43	168
LRL	44	134
LRL	45	129
LRL	46	125
LRL	47	114
LRL	48	74
LRL	49	118
LRL	50	472
LRL	51	234
LRL	52	414
LRL	53	196
LRL	54	338
LRL	55	184
LRL	56	442
LRL	57	162
LRL	58	391
LRL	59	178
LRL	60	345
LRL	61	147
LRL	62	200
LRL	63	138
LRL	64	217
LRL	65	119
LRL	66	267
LRL	67	122
LRL	68	281
LRL	69	120
LRL	70	253
LRL	71	119
LRL	72	223
LRL	73	154
LRL	74	247
LRL	75	199
LRL	76	262
LRL	77	121
LRL	78	286
LRL	79	123
LRL	80	258
LRL	81	174
LRL	82	231
LRL	83	183
LRL	84	247
LRL	85	150
LRL	86	278
LRL	87	166
LRL	88	242
LRL	89	150
LRL	90	197
LRL	91	189
LRL	92	188
LRL	93	183
LRL	94	259
LRL	95	171
LRL	96	363
LRL	97	222
LRL	98	307
LRL	99	223
LRL	100	258
LRL	101	198
LRL	102	215
LRL	103	203
LRL	104	215
LRL	105	220
LRL	106	230
LRL	107	253
LRL	108	273
LRL	109	331
LRL	110	319
LRL	111	306
LRL	112	397
LRL	113	395
LRL	114	467
LRL	115	455
LRL	116	617
LRL	117	562
LRL	118	718
LRL	119	703
LRL	120	649
LRL	121	706
LRL	122	791
LRL	123	611
LRL	124	537
LRL	125	426
LRL	126	466
LRL	127	402
LRL	128	391
LRL	129	396
LRL	130	409
LRL	131	407
LRL	132	451
LRL	133	436
LRL	134	451
LRL	135	525
LRL	136	479
LRL	137	495
LRL	138	508
LRL	139	555
LRL	140	567
LRL	141	603
LRL	142	612
LRL	143	657
LRL	144	680
LRL	145	655
LRL	146	680
LRL	147	770
LRL	148	759
LRL	149	783
LRL	150	787
LRL	151	882
LRL	152	878
LRL	153	933
LRL	154	972
LRL	155	1021
LRL	156	1135
LRL	157	1108
LRL	158	1211
LRL	159	1109
LRL	160	1144
LRL	161	1261
LRL	162	1314
LRL	163	1390
LRL	164	1453
LRL	165	1476
LRL	166	1573
LRL	167	1634
LRL	168	1791
LRL	169	1783
LRL	170	1864
LRL	171	1858
LRL	172	1978
LRL	173	2051
LRL	174	2113
LRL	175	2212
LRL	176	2282
LRL	177	2442
LRL	178	2538
LRL	179	2662
LRL	180	2613
LRL	181	2724
LRL	182	2820
LRL	183	2874
LRL	184	3018
LRL	185	3020
LRL	186	3164
LRL	187	3382
LRL	188	3405
LRL	189	3630
LRL	190	3569
LRL	191	3668
LRL	192	3876
LRL	193	3915
LRL	194	4081
LRL	195	4066
LRL	196	4125
LRL	197	4371
LRL	198	4435
LRL	199	4663
LRL	200	4727
LRL	201	5037
LRL	202	5170
LRL	203	5272
LRL	204	5399
LRL	205	5536
LRL	206	5645
LRL	207	5838
LRL	208	5724
LRL	209	5809
LRL	210	5605
LRL	211	5902
LRL	212	5909
LRL	213	6100
LRL	214	6192
LRL	215	6098
LRL	216	6232
LRL	217	6368
LRL	218	6414
LRL	219	6529
LRL	220	6548
LRL	221	6607
LRL	222	6963
LRL	223	7004
LRL	224	7146
LRL	225	7249
LRL	226	7365
LRL	227	7150
LRL	228	6922
LRL	229	6920
LRL	230	6652
LRL	231	7007
LRL	232	6990
LRL	233	6776
LRL	234	6777
LRL	235	6763
LRL	236	6839
LRL	237	6862
LRL	238	7180
LRL	239	7078
LRL	240	7038
LRL	241	7161
LRL	242	7319
LRL	243	7197
LRL	244	7294
LRL	245	7419
LRL	246	7149
LRL	247	7347
LRL	248	12338
LRL	249	54186
LRL	250	552446
# Mapping qualities for reads !(UNMAP|SECOND|SUPPL|QCFAIL|DUP). Use `grep ^MAPQ | cut -f 2-` to extract this part. The columns are: mapq, count
MAPQ	0	19530
MAPQ	1	192
MAPQ	2	37
MAPQ	3	200
MAPQ	4	238
MAPQ	5	97
MAPQ	6	242
MAPQ	7	208
MAPQ	8	50
MAPQ	9	405
MAPQ	10	74
MAPQ	11	52
MAPQ	12	177
MAPQ	13	127
MAPQ	14	26
MAPQ	15	252
MAPQ	16	75
MAPQ	17	67
MAPQ	18	146
MAPQ	19	130
MAPQ	20	21
MAPQ	21	419
MAPQ	22	338
MAPQ	23	78
MAPQ	24	222
MAPQ	25	354
MAPQ	26	43
MAPQ	27	667
MAPQ	28	78
MAPQ	29	42
MAPQ	30	80
MAPQ	31	137
MAPQ	32	42
MAPQ	33	294
MAPQ	34	84
MAPQ	35	44
MAPQ	36	137
MAPQ	37	183
MAPQ	38	41
MAPQ	39	312
MAPQ	40	7446
MAPQ	41	533
MAPQ	42	642
MAPQ	43	548
MAPQ	44	797
MAPQ	45	979
MAPQ	46	3207
MAPQ	47	257
MAPQ	48	359
MAPQ	49	462
MAPQ	50	404
MAPQ	51	299
MAPQ	52	959
MAPQ	53	233
MAPQ	54	331
MAPQ	55	364
MAPQ	56	679
MAPQ	57	721
MAPQ	58	2046
MAPQ	59	430
MAPQ	60	1593948
# Indel distribution. Use `grep ^ID | cut -f 2-` to extract this part. The columns are: length, number of insertions, number of deletions
ID	1	17722	18401
ID	2	4171	3499
ID	3	1713	1659
ID	4	746	1584
ID	5	1186	644
ID	6	546	518
ID	7	637	618
ID	8	254	129
ID	9	485	785
ID	10	350	244
ID	11	72	335
ID	12	362	715
ID	13	235	143
ID	14	8	292
ID	15	38	210
ID	16	2	58
ID	17	42	9
ID	18	123	79
ID	19	53	35
ID	20	1	100
ID	22	16	15
ID	23	15	0
ID	24	10	85
ID	25	10	0
ID	26	55	19
ID	27	49	0
ID	29	0	14
ID	30	56	40
ID	33	21	27
ID	36	0	20
ID	39	33	0
ID	40	17	0
ID	41	41	0
ID	45	0	51
ID	46	0	41
ID	48	36	2
ID	50	1	0
ID	55	0	5
ID	66	0	55
ID	70	0	9
ID	71	0	28
ID	72	0	13
ID	73	0	2
ID	78	0	28
ID	86	0	11
ID	91	0	8
ID	93	0	5
ID	98	0	1
ID	100	0	2
# Indels per cycle. Use `grep ^IC | cut -f 2-` to extract this part. The columns are: cycle, number of insertions (fwd), .. (rev) , number of deletions (fwd), .. (rev)
IC	3	0	0	25	36
IC	4	29	47	30	41
IC	5	32	27	31	43
IC	6	29	26	31	39
IC	7	22	19	22	31
IC	8	25	22	37	27
IC	9	29	27	32	32
IC	10	32	29	36	37
IC	11	41	31	40	40
IC	12	42	41	47	43
IC	13	56	36	40	46
IC	14	47	45	52	45
IC	15	37	52	44	34
IC	16	48	53	49	42
IC	17	48	47	59	41
IC	18	57	50	54	43
IC	19	43	36	34	49
IC	20	47	50	46	57
IC	21	48	46	50	47
IC	22	66	55	59	56
IC	23	46	44	63	52
IC	24	60	63	71	59
IC	25	47	55	65	64
IC	26	45	49	58	57
IC	27	62	47	65	62
IC	28	62	55	65	65
IC	29	65	64	52	63
IC	30	55	48	65	57
IC	31	62	51	56	57
IC	32	61	54	52	63
IC	33	68	82	55	69
IC	34	64	73	55	64
IC	35	63	75	51	47
IC	36	78	55	58	55
IC	37	59	55	46	70
IC	38	72	58	69	71
IC	39	64	57	68	65
IC	40	61	74	57	62
IC	41	61	74	68	61
IC	42	66	64	47	59
IC	43	51	67	73	45
IC	44	73	50	77	67
IC	45	57	60	75	62
IC	46	69	79	76	64
IC	47	69	58	67	72
IC	48	59	52	71	72
IC	49	64	53	72	71
IC	50	66	59	55	88
IC	51	76	60	68	71
IC	52	74	66	69	60
IC	53	66	85	65	58
IC	54	52	65	68	72
IC	55	66	65	64	76
IC	56	66	46	77	69
IC	57	71	65	72	58
IC	58	62	55	57	69
IC	59	80	59	68	65
IC	60	74	62	68	75
IC	61	62	56	84	68
IC	62	72	71	62	77
IC	63	78	66	66	68
IC	64	65	71	74	79
IC	65	76	68	78	58
IC	66	67	70	78	76
IC	67	63	73	70	84
IC	68	74	72	96	78
IC	69	72	70	67	80
IC	70	58	67	70	67
IC	71	78	71	75	76
IC	72	63	81	61	74
IC	73	68	55	71	86
IC	74	58	81	79	74
IC	75	82	73	76	75
IC	76	69	77	79	68
IC	77	86	88	84	85
IC	78	82	82	69	72
IC	79	74	66	78	74
IC	80	60	73	81	85
IC	81	72	80	87	92
IC	82	81	87	88	84
IC	83	78	85	93	76
IC	84	64	79	86	78
IC	85	90	68	96	78
IC	86	78	75	84	76
IC	87	71	75	76	93
IC	88	83	70	74	71
IC	89	81	77	88	73
IC	90	87	75	78	90
IC	91	73	85	90	75
IC	92	58	75	80	76
IC	93	79	75	75	85
IC	94	66	88	76	79
IC	95	76	68	76	75
IC	96	72	71	78	89
IC	97	96	72	101	77
IC	98	68	79	102	83
IC	99	80	80	72	98
IC	100	78	82	65	63
IC	101	76	65	77	70
IC	102	92	66	69	92
IC	103	83	88	77	74
IC	104	84	65	82	75
IC	105	85	74	88	69
IC	106	77	64	69	83
IC	107	80	77	73	78
IC	108	86	89	76	68
IC	109	82	73	81	77
IC	110	72	69	79	91
IC	111	80	81	65	93
IC	112	64	66	80	77
IC	113	73	72	90	89
IC	114	88	88	89	90
IC	115	73	72	73	76
IC	116	83	65	86	71
IC	117	81	85	92	87
IC	118	73	95	81	80
IC	119	77	80	77	77
IC	120	77	84	87	89
IC	121	93	84	69	88
IC	122	76	69	99	91
IC	123	78	71	82	70
IC	124	83	75	79	101
IC	125	68	82	93	70
IC	126	77	84	70	91
IC	127	73	83	74	76
IC	128	78	77	84	75
IC	129	77	83	80	73
IC	130	65	85	82	84
IC	131	68	72	72	77
IC	132	79	77	87	68
IC	133	79	83	84	80
IC	134	58	74	59	72
IC	135	76	85	62	77
IC	136	89	82	76	82
IC	137	76	54	65	90
IC	138	64	76	68	62
IC	139	70	76	79	69
IC	140	84	87	88	83
IC	141	70	80	73	67
IC	142	84	71	79	76
IC	143	69	61	81	78
IC	144	71	76	73	76
IC	145	61	72	82	76
IC	146	65	71	63	86
IC	147	69	74	78	74
IC	148	76	59	84	86
IC	149	65	78	71	73
IC	150	76	70	87	88
IC	151	66	65	75	89
IC	152	73	66	66	62
IC	153	74	84	82	79
IC	154	60	68	71	70
IC	155	70	68	82	86
IC	156	66	61	73	76
IC	157	77	75	76	75
IC	158	71	79	77	72
IC	159	72	56	59	72
IC	160	56	67	59	66
IC	161	79	68	73	63
IC	162	79	67	74	78
IC	163	58	53	67	80
IC	164	61	70	75	65
IC	165	73	64	70	63
IC	166	75	56	82	61
IC	167	57	59	70	59
IC	168	75	71	61	72
IC	169	69	49	59	63
IC	170	62	65	83	61
IC	171	67	65	83	61
IC	172	66	63	71	69
IC	173	56	74	64	59
IC	174	68	53	87	65
IC	175	70	68	73	57
IC	176	85	77	71	62
IC	177	63	56	62	64
IC	178	59	76	65	55
IC	179	71	61	69	69
IC	180	75	62	61	57
IC	181	52	55	56	55
IC	182	67	70	73	64
IC	183	67	67	57	56
IC	184	55	64	66	69
IC	185	55	63	77	59
IC	186	55	53	75	63
IC	187	51	55	57	75
IC	188	57	61	59	66
IC	189	47	64	63	74
IC	190	66	76	62	58
IC	191	59	62	54	63
IC	192	54	59	57	59
IC	193	47	57	60	55
IC	194	52	53	68	59
IC	195	48	50	58	52
IC	196	56	46	49	58
IC	197	53	57	53	51
IC	198	38	40	71	40
IC	199	48	50	59	44
IC	200	61	61	57	55
IC	201	48	49	43	43
IC	202	40	47	46	67
IC	203	52	42	54	44
IC	204	44	50	55	51
IC	205	45	55	55	67
IC	206	51	58	52	57
IC	207	53	38	48	42
IC	208	57	49	50	43
IC	209	42	40	49	47
IC	210	48	50	41	59
IC	211	44	44	50	31
IC	212	41	46	39	43
IC	213	37	44	38	49
IC	214	43	46	40	43
IC	215	37	56	43	34
IC	216	33	28	41	42
IC	217	44	39	36	44
IC	218	40	31	41	37
IC	219	34	34	52	32
IC	220	42	52	36	40
IC	221	34	39	47	41
IC	222	41	26	48	31
IC	223	36	28	36	36
IC	224	37	26	36	29
IC	225	30	34	42	25
IC	226	35	34	43	34
IC	227	37	31	41	32
IC	228	30	27	36	21
IC	229	27	25	33	34
IC	230	29	25	21	36
IC	231	25	22	36	34
IC	232	33	34	36	33
IC	233	17	24	20	22
IC	234	26	25	27	26
IC	235	33	13	32	22
IC	236	21	26	27	25
IC	237	26	16	26	20
IC	238	14	19	23	19
IC	239	20	25	16	19
IC	240	15	23	23	31
IC	241	18	13	24	22
IC	242	14	20	13	18
IC	243	16	12	14	20
IC	244	12	14	20	17
IC	245	18	14	22	14
IC	246	19	16	18	19
IC	247	27	19	12	18
# Coverage distribution. Use `grep ^COV | cut -f 2-` to extract this part.
COV	[1-1]	1	3262
COV	[2-2]	2	3224
COV	[3-3]	3	1742
COV	[4-4]	4	1645
COV	[5-5]	5	1542
COV	[6-6]	6	1458
COV	[7-7]	7	1576
COV	[8-8]	8	1189
COV	[9-9]	9	1457
COV	[10-10]	10	1621
COV	[11-11]	11	1260
COV	[12-12]	12	1832
COV	[13-13]	13	1301
COV	[14-14]	14	1404
COV	[15-15]	15	1498
COV	[16-16]	16	1545
COV	[17-17]	17	1403
COV	[18-18]	18	1130
COV	[19-19]	19	1308
COV	[20-20]	20	1418
COV	[21-21]	21	1388
COV	[22-22]	22	1622
COV	[23-23]	23	1342
COV	[24-24]	24	1188
COV	[25-25]	25	1205
COV	[26-26]	26	1294
COV	[27-27]	27	1664
COV	[28-28]	28	1596
COV	[29-29]	29	2303
COV	[30-30]	30	2389
COV	[31-31]	31	2500
COV	[32-32]	32	2646
COV	[33-33]	33	3415
COV	[34-34]	34	3853
COV	[35-35]	35	4699
COV	[36-36]	36	5321
COV	[37-37]	37	6070
COV	[38-38]	38	6976
COV	[39-39]	39	7964
COV	[40-40]	40	8919
COV	[41-41]	41	9884
COV	[42-42]	42	11350
COV	[43-43]	43	12474
COV	[44-44]	44	13872
COV	[45-45]	45	15948
COV	[46-46]	46	17650
COV	[47-47]	47	19539
COV	[48-48]	48	21681
COV	[49-49]	49	22657
COV	[50-50]	50	24463
COV	[51-51]	51	26551
COV	[52-52]	52	28273
COV	[53-53]	53	30603
COV	[54-54]	54	31614
COV	[55-55]	55	32861
COV	[56-56]	56	34744
COV	[57-57]	57	36581
COV	[58-58]	58	37388
COV	[59-59]	59	39164
COV	[60-60]	60	39769
COV	[61-61]	61	40353
COV	[62-62]	62	41605
COV	[63-63]	63	42621
COV	[64-64]	64	43714
COV	[65-65]	65	44793
COV	[66-66]	66	46191
COV	[67-67]	67	47537
COV	[68-68]	68	48299
COV	[69-69]	69	49037
COV	[70-70]	70	49343
COV	[71-71]	71	50950
COV	[72-72]	72	51427
COV	[73-73]	73	52465
COV	[74-74]	74	53626
COV	[75-75]	75	55163
COV	[76-76]	76	56331
COV	[77-77]	77	57193
COV	[78-78]	78	57534
COV	[79-79]	79	58065
COV	[80-80]	80	59091
COV	[81-81]	81	59038
COV	[82-82]	82	59745
COV	[83-83]	83	60286
COV	[84-84]	84	60863
COV	[85-85]	85	61041
COV	[86-86]	86	61443
COV	[87-87]	87	62333
COV	[88-88]	88	62708
COV	[89-89]	89	62584
COV	[90-90]	90	63005
COV	[91-91]	91	63266
COV	[92-92]	92	62627
COV	[93-93]	93	62286
COV	[94-94]	94	62957
COV	[95-95]	95	61824
COV	[96-96]	96	60232
COV	[97-97]	97	59611
COV	[98-98]	98	58704
COV	[99-99]	99	58114
COV	[100-100]	100	57310
COV	[101-101]	101	57021
COV	[102-102]	102	56836
COV	[103-103]	103	55149
COV	[104-104]	104	54654
COV	[105-105]	105	53340
COV	[106-106]	106	51785
COV	[107-107]	107	50442
COV	[108-108]	108	47855
COV	[109-109]	109	46341
COV	[110-110]	110	44924
COV	[111-111]	111	43611
COV	[112-112]	112	41168
COV	[113-113]	113	39799
COV	[114-114]	114	37837
COV	[115-115]	115	36094
COV	[116-116]	116	34554
COV	[117-117]	117	32741
COV	[118-118]	118	30882
COV	[119-119]	119	29058
COV	[120-120]	120	27626
COV	[121-121]	121	25937
COV	[122-122]	122	25217
COV	[123-123]	123	24353
COV	[124-124]	124	23223
COV	[125-125]	125	21887
COV	[126-126]	126	20193
COV	[127-127]	127	18446
COV	[128-128]	128	17245
COV	[129-129]	129	16008
COV	[130-130]	130	15159
COV	[131-131]	131	14123
COV	[132-132]	132	13272
COV	[133-133]	133	12749
COV	[134-134]	134	11688
COV	[135-135]	135	10713
COV	[136-136]	136	10218
COV	[137-137]	137	9662
COV	[138-138]	138	9111
COV	[139-139]	139	8191
COV	[140-140]	140	7825
COV	[141-141]	141	7222
COV	[142-142]	142	6570
COV	[143-143]	143	6317
COV	[144-144]	144	5576
COV	[145-145]	145	5203
COV	[146-146]	146	5009
COV	[147-147]	147	4649
COV	[148-148]	148	4281
COV	[149-149]	149	4203
COV	[150-150]	150	4106
COV	[151-151]	151	3908
COV	[152-152]	152	3841
COV	[153-153]	153	3518
COV	[154-154]	154	3356
COV	[155-155]	155	3175
COV	[156-156]	156	2970
COV	[157-157]	157	2747
COV	[158-158]	158	2661
COV	[159-159]	159	2582
COV	[160-160]	160	2404
COV	[161-161]	161	2217
COV	[162-162]	162	2164
COV	[163-163]	163	2063
COV	[164-164]	164	1924
COV	[165-165]	165	1884
COV	[166-166]	166	1808
COV	[167-167]	167	1713
COV	[168-168]	168	1563
COV	[169-169]	169	1516
COV	[170-170]	170	1347
COV	[171-171]	171	1289
COV	[172-172]	172	1085
COV	[173-173]	173	1007
COV	[174-174]	174	1046
COV	[175-175]	175	915
COV	[176-176]	176	939
COV	[177-177]	177	869
COV	[178-178]	178	814
COV	[179-179]	179	736
COV	[180-180]	180	698
COV	[181-181]	181	746
COV	[182-182]	182	582
COV	[183-183]	183	557
COV	[184-184]	184	513
COV	[185-185]	185	512
COV	[186-186]	186	533
COV	[187-187]	187	495
COV	[188-188]	188	514
COV	[189-189]	189	392
COV	[190-190]	190	392
COV	[191-191]	191	365
COV	[192-192]	192	333
COV	[193-193]	193	303
COV	[194-194]	194	235
COV	[195-195]	195	234
COV	[196-196]	196	220
COV	[197-197]	197	233
COV	[198-198]	198	206
COV	[199-199]	199	201
COV	[200-200]	200	203
COV	[201-201]	201	185
COV	[202-202]	202	186
COV	[203-203]	203	167
COV	[204-204]	204	207
COV	[205-205]	205	191
COV	[206-206]	206	161
COV	[207-207]	207	187
COV	[208-208]	208	193
COV	[209-209]	209	199
COV	[210-210]	210	155
COV	[211-211]	211	129
COV	[212-212]	212	133
COV	[213-213]	213	173
COV	[214-214]	214	127
COV	[215-215]	215	86
COV	[216-216]	216	84
COV	[217-217]	217	77
COV	[218-218]	218	104
COV	[219-219]	219	106
COV	[220-220]	220	92
COV	[221-221]	221	132
COV	[222-222]	222	104
COV	[223-223]	223	121
COV	[224-224]	224	102
COV	[225-225]	225	97
COV	[226-226]	226	131
COV	[227-227]	227	132
COV	[228-228]	228	110
COV	[229-229]	229	121
COV	[230-230]	230	130
COV	[231-231]	231	99
COV	[232-232]	232	87
COV	[233-233]	233	96
COV	[234-234]	234	94
COV	[235-235]	235	107
COV	[236-236]	236	110
COV	[237-237]	237	126
COV	[238-238]	238	130
COV	[239-239]	239	118
COV	[240-240]	240	140
COV	[241-241]	241	97
COV	[242-242]	242	125
COV	[243-243]	243	108
COV	[244-244]	244	83
COV	[245-245]	245	128
COV	[246-246]	246	79
COV	[247-247]	247	87
COV	[248-248]	248	95
COV	[249-249]	249	71
COV	[250-250]	250	83
COV	[251-251]	251	82
COV	[252-252]	252	109
COV	[253-253]	253	85
COV	[254-254]	254	110
COV	[255-255]	255	117
COV	[256-256]	256	108
COV	[257-257]	257	121
COV	[258-258]	258	115
COV	[259-259]	259	123
COV	[260-260]	260	98
COV	[261-261]	261	96
COV	[262-262]	262	85
COV	[263-263]	263	71
COV	[264-264]	264	88
COV	[265-265]	265	82
COV	[266-266]	266	88
COV	[267-267]	267	76
COV	[268-268]	268	83
COV	[269-269]	269	72
COV	[270-270]	270	75
COV	[271-271]	271	71
COV	[272-272]	272	85
COV	[273-273]	273	89
COV	[274-274]	274	87
COV	[275-275]	275	69
COV	[276-276]	276	96
COV	[277-277]	277	81
COV	[278-278]	278	124
COV	[279-279]	279	95
COV	[280-280]	280	90
COV	[281-281]	281	84
COV	[282-282]	282	96
COV	[283-283]	283	101
COV	[284-284]	284	107
COV	[285-285]	285	94
COV	[286-286]	286	105
COV	[287-287]	287	95
COV	[288-288]	288	101
COV	[289-289]	289	96
COV	[290-290]	290	113
COV	[291-291]	291	109
COV	[292-292]	292	83
COV	[293-293]	293	115
COV	[294-294]	294	85
COV	[295-295]	295	89
COV	[296-296]	296	82
COV	[297-297]	297	86
COV	[298-298]	298	99
COV	[299-299]	299	102
COV	[300-300]	300	76
COV	[301-301]	301	70
COV	[302-302]	302	80
COV	[303-303]	303	62
COV	[304-304]	304	66
COV	[305-305]	305	66
COV	[306-306]	306	61
COV	[307-307]	307	57
COV	[308-308]	308	46
COV	[309-309]	309	52
COV	[310-310]	310	50
COV	[311-311]	311	60
COV	[312-312]	312	59
COV	[313-313]	313	79
COV	[314-314]	314	57
COV	[315-315]	315	56
COV	[316-316]	316	42
COV	[317-317]	317	41
COV	[318-318]	318	45
COV	[319-319]	319	72
COV	[320-320]	320	41
COV	[321-321]	321	59
COV	[322-322]	322	71
COV	[323-323]	323	57
COV	[324-324]	324	79
COV	[325-325]	325	55
COV	[326-326]	326	42
COV	[327-327]	327	59
COV	[328-328]	328	46
COV	[329-329]	329	46
COV	[330-330]	330	48
COV	[331-331]	331	39
COV	[332-332]	332	31
COV	[333-333]	333	32
COV	[334-334]	334	33
COV	[335-335]	335	38
COV	[336-336]	336	21
COV	[337-337]	337	22
COV	[338-338]	338	29
COV	[339-339]	339	41
COV	[340-340]	340	39
COV	[341-341]	341	39
COV	[342-342]	342	31
COV	[343-343]	343	32
COV	[344-344]	344	25
COV	[345-345]	345	31
COV	[346-346]	346	42
COV	[347-347]	347	23
COV	[348-348]	348	24
COV	[349-349]	349	31
COV	[350-350]	350	24
COV	[351-351]	351	43
COV	[352-352]	352	41
COV	[353-353]	353	39
COV	[354-354]	354	35
COV	[355-355]	355	25
COV	[356-356]	356	30
COV	[357-357]	357	21
COV	[358-358]	358	27
COV	[359-359]	359	19
COV	[360-360]	360	32
COV	[361-361]	361	24
COV	[362-362]	362	30
COV	[363-363]	363	25
COV	[364-364]	364	29
COV	[365-365]	365	33
COV	[366-366]	366	25
COV	[367-367]	367	23
COV	[368-368]	368	24
COV	[369-369]	369	20
COV	[370-370]	370	28
COV	[371-371]	371	17
COV	[372-372]	372	20
COV	[373-373]	373	22
COV	[374-374]	374	15
COV	[375-375]	375	24
COV	[376-376]	376	21
COV	[377-377]	377	25
COV	[378-378]	378	22
COV	[379-379]	379	21
COV	[380-380]	380	15
COV	[381-381]	381	16
COV	[382-382]	382	16
COV	[383-383]	383	8
COV	[384-384]	384	28
COV	[385-385]	385	17
COV	[386-386]	386	15
COV	[387-387]	387	16
COV	[388-388]	388	11
COV	[389-389]	389	12
COV	[390-390]	390	11
COV	[391-391]	391	17
COV	[392-392]	392	23
COV	[393-393]	393	23
COV	[394-394]	394	14
COV	[395-395]	395	15
COV	[396-396]	396	22
COV	[397-397]	397	23
COV	[398-398]	398	15
COV	[399-399]	399	20
COV	[400-400]	400	14
COV	[401-401]	401	23
COV	[402-402]	402	20
COV	[403-403]	403	18
COV	[404-404]	404	26
COV	[405-405]	405	15
COV	[406-406]	406	14
COV	[407-407]	407	7
COV	[408-408]	408	11
COV	[409-409]	409	14
COV	[410-410]	410	13
COV	[411-411]	411	6
COV	[412-412]	412	18
COV	[413-413]	413	16
COV	[414-414]	414	13
COV	[415-415]	415	13
COV	[416-416]	416	6
COV	[417-417]	417	10
COV	[418-418]	418	10
COV	[419-419]	419	9
COV	[420-420]	420	10
COV	[421-421]	421	23
COV	[422-422]	422	10
COV	[423-423]	423	13
COV	[424-424]	424	12
COV	[425-425]	425	5
COV	[426-426]	426	9
COV	[427-427]	427	10
COV	[428-428]	428	6
COV	[429-429]	429	10
COV	[430-430]	430	16
COV	[431-431]	431	6
COV	[432-432]	432	16
COV	[433-433]	433	9
COV	[434-434]	434	6
COV	[435-435]	435	10
COV	[436-436]	436	7
COV	[437-437]	437	12
COV	[438-438]	438	12
COV	[439-439]	439	5
COV	[440-440]	440	5
COV	[441-441]	441	7
COV	[442-442]	442	10
COV	[443-443]	443	15
COV	[444-444]	444	12
COV	[445-445]	445	12
COV	[446-446]	446	5
COV	[447-447]	447	13
COV	[448-448]	448	8
COV	[449-449]	449	8
COV	[450-450]	450	8
COV	[451-451]	451	9
COV	[452-452]	452	15
COV	[453-453]	453	12
COV	[454-454]	454	9
COV	[455-455]	455	12
COV	[456-456]	456	6
COV	[457-457]	457	19
COV	[458-458]	458	17
COV	[459-459]	459	8
COV	[460-460]	460	12
COV	[461-461]	461	10
COV	[462-462]	462	6
COV	[463-463]	463	15
COV	[464-464]	464	8
COV	[465-465]	465	7
COV	[466-466]	466	6
COV	[467-467]	467	6
COV	[468-468]	468	7
COV	[469-469]	469	11
COV	[470-470]	470	8
COV	[471-471]	471	5
COV	[472-472]	472	9
COV	[473-473]	473	10
COV	[474-474]	474	10
COV	[475-475]	475	11
COV	[476-476]	476	6
COV	[477-477]	477	5
COV	[478-478]	478	7
COV	[479-479]	479	11
COV	[480-480]	480	6
COV	[481-481]	481	7
COV	[482-482]	482	8
COV	[483-483]	483	6
COV	[484-484]	484	4
COV	[485-485]	485	9
COV	[486-486]	486	7
COV	[487-487]	487	10
COV	[488-488]	488	13
COV	[489-489]	489	8
COV	[490-490]	490	14
COV	[491-491]	491	8
COV	[492-492]	492	17
COV	[493-493]	493	12
COV	[494-494]	494	12
COV	[495-495]	495	16
COV	[496-496]	496	15
COV	[497-497]	497	13
COV	[498-498]	498	9
COV	[499-499]	499	4
COV	[500-500]	500	10
COV	[501-501]	501	8
COV	[502-502]	502	5
COV	[503-503]	503	10
COV	[504-504]	504	5
COV	[505-505]	505	14
COV	[506-506]	506	10
COV	[507-507]	507	12
COV	[508-508]	508	9
COV	[509-509]	509	10
COV	[510-510]	510	4
COV	[511-511]	511	12
COV	[512-512]	512	6
COV	[513-513]	513	11
COV	[514-514]	514	11
COV	[515-515]	515	9
COV	[516-516]	516	7
COV	[517-517]	517	9
COV	[518-518]	518	7
COV	[519-519]	519	6
COV	[520-520]	520	8
COV	[521-521]	521	7
COV	[522-522]	522	10
COV	[523-523]	523	5
COV	[524-524]	524	3
COV	[525-525]	525	11
COV	[526-526]	526	7
COV	[527-527]	527	8
COV	[528-528]	528	8
COV	[529-529]	529	18
COV	[530-530]	530	11
COV	[531-531]	531	7
COV	[532-532]	532	3
COV	[533-533]	533	4
COV	[534-534]	534	7
COV	[535-535]	535	5
COV	[536-536]	536	7
COV	[537-537]	537	9
COV	[538-538]	538	8
COV	[539-539]	539	9
COV	[540-540]	540	6
COV	[541-541]	541	4
COV	[542-542]	542	6
COV	[543-543]	543	4
COV	[544-544]	544	7
COV	[545-545]	545	5
COV	[546-546]	546	7
COV	[547-547]	547	8
COV	[548-548]	548	2
COV	[549-549]	549	5
COV	[550-550]	550	5
COV	[551-551]	551	7
COV	[552-552]	552	8
COV	[553-553]	553	11
COV	[554-554]	554	7
COV	[555-555]	555	8
COV	[556-556]	556	8
COV	[557-557]	557	8
COV	[558-558]	558	8
COV	[559-559]	559	6
COV	[560-560]	560	9
COV	[561-561]	561	5
COV	[562-562]	562	12
COV	[563-563]	563	6
COV	[564-564]	564	7
COV	[565-565]	565	7
COV	[566-566]	566	6
COV	[567-567]	567	7
COV	[568-568]	568	7
COV	[569-569]	569	7
COV	[570-570]	570	6
COV	[571-571]	571	11
COV	[572-572]	572	6
COV	[573-573]	573	10
COV	[574-574]	574	10
COV	[575-575]	575	5
COV	[576-576]	576	10
COV	[577-577]	577	12
COV	[578-578]	578	5
COV	[579-579]	579	13
COV	[580-580]	580	8
COV	[581-581]	581	13
COV	[582-582]	582	17
COV	[583-583]	583	9
COV	[584-584]	584	5
COV	[585-585]	585	9
COV	[586-586]	586	9
COV	[587-587]	587	3
COV	[588-588]	588	7
COV	[589-589]	589	10
COV	[590-590]	590	7
COV	[591-591]	591	5
COV	[592-592]	592	9
COV	[593-593]	593	9
COV	[594-594]	594	6
COV	[595-595]	595	7
COV	[596-596]	596	8
COV	[597-597]	597	5
COV	[598-598]	598	4
COV	[599-599]	599	7
COV	[600-600]	600	12
COV	[601-601]	601	5
COV	[602-602]	602	7
COV	[603-603]	603	15
COV	[604-604]	604	11
COV	[605-605]	605	9
COV	[606-606]	606	12
COV	[607-607]	607	11
COV	[608-608]	608	7
COV	[609-609]	609	9
COV	[610-610]	610	7
COV	[611-611]	611	6
COV	[612-612]	612	9
COV	[613-613]	613	10
COV	[614-614]	614	6
COV	[615-615]	615	7
COV	[616-616]	616	2
COV	[617-617]	617	3
COV	[618-618]	618	6
COV	[619-619]	619	11
COV	[620-620]	620	5
COV	[621-621]	621	8
COV	[622-622]	622	2
COV	[623-623]	623	4
COV	[624-624]	624	6
COV	[625-625]	625	10
COV	[626-626]	626	4
COV	[627-627]	627	9
COV	[628-628]	628	16
COV	[629-629]	629	13
COV	[630-630]	630	5
COV	[631-631]	631	6
COV	[632-632]	632	4
COV	[633-633]	633	3
COV	[634-634]	634	8
COV	[635-635]	635	6
COV	[636-636]	636	9
COV	[637-637]	637	12
COV	[638-638]	638	4
COV	[639-639]	639	4
COV	[640-640]	640	9
COV	[641-641]	641	10
COV	[642-642]	642	9
COV	[643-643]	643	9
COV	[644-644]	644	11
COV	[645-645]	645	7
COV	[646-646]	646	9
COV	[647-647]	647	7
COV	[648-648]	648	8
COV	[649-649]	649	6
COV	[650-650]	650	6
COV	[651-651]	651	4
COV	[652-652]	652	3
COV	[653-653]	653	8
COV	[654-654]	654	8
COV	[655-655]	655	4
COV	[656-656]	656	10
COV	[657-657]	657	1
COV	[658-658]	658	6
COV	[659-659]	659	5
COV	[660-660]	660	2
COV	[661-661]	661	7
COV	[663-663]	663	6
COV	[664-664]	664	5
COV	[665-665]	665	7
COV	[666-666]	666	6
COV	[667-667]	667	4
COV	[668-668]	668	4
COV	[669-669]	669	3
COV	[670-670]	670	2
COV	[671-671]	671	5
COV	[672-672]	672	1
COV	[673-673]	673	5
COV	[674-674]	674	6
COV	[675-675]	675	6
COV	[676-676]	676	10
COV	[677-677]	677	8
COV	[678-678]	678	3
COV	[679-679]	679	6
COV	[680-680]	680	12
COV	[681-681]	681	5
COV	[682-682]	682	6
COV	[683-683]	683	8
COV	[684-684]	684	4
COV	[685-685]	685	6
COV	[686-686]	686	4
COV	[687-687]	687	7
COV	[688-688]	688	7
COV	[689-689]	689	3
COV	[690-690]	690	5
COV	[691-691]	691	2
COV	[692-692]	692	5
COV	[693-693]	693	2
COV	[694-694]	694	6
COV	[695-695]	695	2
COV	[696-696]	696	6
COV	[697-697]	697	2
COV	[698-698]	698	7
COV	[699-699]	699	7
COV	[700-700]	700	6
COV	[701-701]	701	6
COV	[702-702]	702	5
COV	[703-703]	703	4
COV	[704-704]	704	5
COV	[705-705]	705	6
COV	[706-706]	706	4
COV	[707-707]	707	5
COV	[708-708]	708	3
COV	[709-709]	709	4
COV	[710-710]	710	4
COV	[711-711]	711	8
COV	[712-712]	712	7
COV	[713-713]	713	5
COV	[714-714]	714	6
COV	[715-715]	715	4
COV	[716-716]	716	4
COV	[717-717]	717	5
COV	[718-718]	718	4
COV	[719-719]	719	3
COV	[720-720]	720	6
COV	[721-721]	721	7
COV	[722-722]	722	9
COV	[723-723]	723	4
COV	[724-724]	724	7
COV	[725-725]	725	7
COV	[726-726]	726	4
COV	[727-727]	727	2
COV	[728-728]	728	4
COV	[729-729]	729	6
COV	[730-730]	730	3
COV	[731-731]	731	2
COV	[732-732]	732	11
COV	[733-733]	733	10
COV	[734-734]	734	9
COV	[735-735]	735	3
COV	[736-736]	736	7
COV	[737-737]	737	10
COV	[738-738]	738	7
COV	[739-739]	739	11
COV	[740-740]	740	8
COV	[741-741]	741	6
COV	[742-742]	742	5
COV	[743-743]	743	6
COV	[744-744]	744	2
COV	[745-745]	745	5
COV	[746-746]	746	3
COV	[747-747]	747	4
COV	[748-748]	748	3
COV	[750-750]	750	3
COV	[751-751]	751	6
COV	[752-752]	752	1
COV	[753-753]	753	6
COV	[754-754]	754	1
COV	[755-755]	755	3
COV	[756-756]	756	3
COV	[758-758]	758	2
COV	[759-759]	759	4
COV	[760-760]	760	1
COV	[762-762]	762	2
COV	[763-763]	763	1
COV	[764-764]	764	2
COV	[765-765]	765	1
COV	[766-766]	766	2
COV	[768-768]	768	2
COV	[769-769]	769	1
COV	[770-770]	770	3
COV	[771-771]	771	4
COV	[772-772]	772	1
COV	[773-773]	773	1
COV	[775-775]	775	2
COV	[777-777]	777	2
COV	[778-778]	778	2
COV	[779-779]	779	1
COV	[780-780]	780	1
COV	[786-786]	786	3
COV	[789-789]	789	1
COV	[790-790]	790	16
# GC-depth. Use `grep ^GCD | cut -f 2-` to extract this part. The columns are: GC%, unique sequence percentiles, 10th, 25th, 50th, 75th and 90th depth percentile
GCD	0.0	0.866	0.000	0.000	0.000	0.000	0.000
GCD	43.0	1.299	83.087	83.087	83.087	83.087	83.087
GCD	44.0	1.732	72.456	72.456	72.456	72.456	72.456
GCD	45.0	2.165	46.420	46.420	46.420	46.420	46.420
GCD	46.0	3.463	25.412	25.412	61.905	68.793	68.793
GCD	47.0	6.061	16.999	47.116	72.710	96.403	102.721
GCD	48.0	7.792	12.469	23.086	57.427	89.229	99.000
GCD	49.0	13.853	51.909	59.447	68.804	93.187	116.114
GCD	50.0	25.541	46.531	56.035	75.634	95.140	104.526
GCD	51.0	49.351	56.869	63.211	80.291	95.337	105.700
GCD	52.0	75.325	62.419	75.645	88.253	102.842	111.831
GCD	53.0	93.506	67.789	79.525	95.019	106.003	110.367
GCD	54.0	96.970	68.238	81.149	91.945	106.133	110.544
GCD	55.0	98.701	32.692	43.245	85.710	97.772	98.191
GCD	56.0	99.567	99.173	99.173	104.096	109.019	109.019
GCD	57.0	100.000	54.498	54.498	54.498	54.498	54.498
